rank	word	en	ru	ex1	ex2
1	լինել	to be	быть	Վաղը տանը կլինե՞ս — Завтра будешь дома?	Ամեն ինչ լավ կլինի — Всё будет хорошо
2	որ	that, which, who	что, который	Գիտեմ, որ գալու ես — Знаю, что ты придёшь	այն գիրքը, որ կարդացի — та книга, которую я прочитал
3	ու	and	и	հաց ու պանիր — хлеб и сыр	Ես ու դու — Я и ты
4	մի	one, a; don't!	один, а; не (запрет)	Մի րոպե սպասիր — Подожди одну минуту	Մի գնա — Не ходи
5	կարդալ	to read	читать	Սիրում եմ գիրք կարդալ — Люблю читать книги	Կարդա այս նամակը — Прочитай это письмо
6	ունենալ	to have	иметь	Երկու երեխա ունեմ — У меня двое детей	Ժամանակ չունեմ — У меня нет времени
7	ինչ	what	что	Ի՞նչ ես ուզում — Что ты хочешь?	Ի՜նչ գեղեցիկ օր է — Какой красивый день!
8	գրել	to write	писать	Նամակ եմ գրում — Я пишу письмо	Գրիր քո անունը — Напиши своё имя
9	այլ	other	другой	այլ խոսքով — другими словами	Այլ ելք չկա — Другого выхода нет
10	նա	he, she	он, она	Նա տանն է — Он дома	Նա իմ ընկերն է — Он мой друг
11	ինչպես	how, as	как	Ինչպե՞ս ես — Как ты?	ինչպես միշտ — как всегда
12	այս	this	этот	այս տարի — в этом году	Այս գիրքը իմն է — Эта книга моя
13	լեզու	language	язык	մայրենի լեզու — родной язык	Քանի՞ լեզու գիտես — Сколько языков ты знаешь?
14	գալ	to come	приходить	Նա ուշ եկավ — Он пришёл поздно	Արի այստեղ — Иди сюда
15	չէ	no, isn't (it?)	нет, не так ли	Լավ է, չէ՞ — Хорошо, не так ли?	Սա իմ գիրքը չէ — Это не моя книга
16	շատ	very, much, many	очень, много	Շատ լավ — Очень хорошо	Շատ մարդ կար — Было много людей
17	էլ	too, also	тоже, также	Ես էլ եմ գալիս — Я тоже иду	Դու էլ արի — Ты тоже приходи
18	ոչ	no, not	нет, не	Ոչ, չեմ ուզում — Нет, не хочу	ոչ մի անգամ — ни разу
19	իր	his/her own (reflexive); thing, item	его/её (свой); вещь	Նա իր գիրքը վերցրեց — Он взял свою книгу	Իրերդ հավաքիր — Собери свои вещи
20	խոսակցական	colloquial	разговорный	խոսակցական լեզու — разговорный язык	խոսակցական ոճ — разговорный стиль
21	այն	that	тот	այն ժամանակ — в то время	Այն տունը մեծ է — Тот дом большой
22	մեջ	in, inside (տան մեջ — in the house); among	в, внутри; среди	տան մեջ — в доме	մեր մեջ ասած — между нами говоря
23	տալ	to give	давать	Գիրքը տուր ինձ — Дай мне книгу	Հարց տվեց — Он задал вопрос
24	կամ	or	или	թեյ կամ սուրճ — чай или кофе	այսօր կամ վաղը — сегодня или завтра
25	թե	that; whether; or	что; ли; или	Չգիտեմ, թե ով է — Не знаю, кто это	Ասաց, թե կգա — Сказал, что придёт
26	այդ	that	этот, тот	այդ օրը — в тот день	Այդ գիրքը կարդացել եմ — Ту книгу я читал
27	հայերեն	Armenian	армянский	Հայերեն խոսո՞ւմ ես — Ты говоришь по-армянски?	հայերեն գիրք — книга на армянском
28	իսկ	but, and (contrast)	а, же	Ես լավ եմ, իսկ դու՞ — Я хорошо, а ты?	Դու գնա, իսկ ես կմնամ — Ты иди, а я останусь
29	խոսք	word; speech, talk	слово, речь	Խոսք եմ տալիս — Даю слово	Նրա խոսքերը հիշում եմ — Я помню его слова
30	նաև	also	также	Նա նաև ռուսերեն գիտի — Он знает также русский	Հաց գնիր, նաև պանիր — Купи хлеб, а также сыр
31	համար	for (ինձ համար — for me); number	для (послелог); номер	Սա քեզ համար է — Это для тебя	Հեռախոսիդ համարը տուր — Дай номер твоего телефона
32	պետք	needed, required	нужный, необходимый	Ինձ ժամանակ է պետք — Мне нужно время	Պետք է գնամ — Мне нужно идти
33	դու	you (sg)	ты	Դու որտեղի՞ց ես — Ты откуда?	Դու իմ ընկերն ես — Ты мой друг
34	երբ	when	когда	Ե՞րբ ես գալու — Когда ты придёшь?	Երբ եկա, նա քնած էր — Когда я пришёл, он спал
35	նրա	his, her	его, её	նրա տունը — его дом	Նրա անունը Արամ է — Его зовут Арам
36	բայց	but	но	Ուզում եմ, բայց չեմ կարող — Хочу, но не могу	Փոքր է, բայց ուժեղ — Маленький, но сильный
37	երևան	Yerevan	Ереван	Ես Երևանից եմ — Я из Еревана	Երևանը մեր մայրաքաղաքն է — Ереван наша столица
38	հետ	with (ընկերոջ հետ — with a friend); back (noun)	с; назад	ընկերոջ հետ — с другом	Գիրքը հետ տուր — Верни книгу назад
39	ասել	to say	сказать, говорить	Ի՞նչ ասաց — Что он сказал?	Ճիշտն ասա — Скажи правду
40	մեկ	one	один	մեկ ժամ հետո — через один час	մեկ անգամ — один раз
41	անել	to do	делать	Ի՞նչ ես անում — Что ты делаешь?	Ոչինչ չեմ անում — Я ничего не делаю
42	քանի	how many?	сколько?	Քանի՞ տարեկան ես — Сколько тебе лет?	Ժամը քանի՞սն է — Который час?
43	կարող	able, can; capable	способный, может	Կարո՞ղ եմ օգնել — Могу я помочь?	Չեմ կարող գալ — Не могу прийти
44	ավելի	more, beyond	больше, более	Այս տունն ավելի մեծ է — Этот дом больше	Ավելի շատ ջուր խմիր — Пей больше воды
45	բոլոր	all, every	все	Բոլորը եկան — Все пришли	Բոլորին ասա — Скажи всем
46	մեծ	big	большой	մեծ տուն — большой дом	Նա ինձնից մեծ է — Он старше меня
47	նրանք	they	они	Նրանք տանն են — Они дома	Նրանք ուշացան — Они опоздали
48	մենք	we	мы	Մենք միասին ենք — Мы вместе	Մենք ուշանում ենք — Мы опаздываем
49	ինձ	me (dat/acc of ես)	меня, мне	Ինձ նայիր — Посмотри на меня	Ինձ ժամանակ տուր — Дай мне время
50	նրան	him, her (dat/acc of նա)	его, ему	Նրան ճանաչում եմ — Я его знаю	Ասա նրան — Скажи ему
51	խոսել	to speak	говорить	Հայերեն եմ խոսում — Я говорю по-армянски	Բարձր մի խոսիր — Не говори громко
52	լավ	good	хороший	լավ միտք է — хорошая мысль	Ես լավ եմ — Я в порядке
53	որոնք	which, what	которые, какие	բառեր, որոնք գիտեմ — слова, которые я знаю	
54	դուք	you (pl/formal)	вы	Դուք որտեղի՞ց եք — Вы откуда?	Դուք ինձ ճանաչո՞ւմ եք — Вы меня знаете?
55	վրա	on, upon (սեղանի վրա — on the table)	на, поверх	սեղանի վրա — на столе	Ինձ վրա մի ծիծաղիր — Не смейся надо мной
56	մարդ	human being	человек	լավ մարդ — хороший человек	Մարդիկ սպասում են — Люди ждут
57	քեզ	you (dat/acc of դու)	тебя, тебе	Քեզ եմ սպասում — Я жду тебя	Քեզ ի՞նչ է պետք — Что тебе нужно?
58	երկու	two	два	երկու օր — два дня	երկու անգամ — два раза
59	ով	who	кто	Ո՞վ է եկել — Кто пришёл?	Ո՞վ ես դու — Кто ты?
60	ուտել	to eat	есть, кушать	Ի՞նչ ես ուտում — Что ты ешь?	Ուզում եմ ուտել — Я хочу есть
61	իմ	my	мой	իմ տունը — мой дом	իմ կարծիքով — по моему мнению
62	օրինակ	example; for example (also: օրինակի համար)	пример; например	Օրինակ բեր — Приведи пример	Օրինակ, ես համաձայն չեմ — Например, я не согласен
63	նրանց	them; their (gen/dat of նրանք)	их, им	նրանց տունը — их дом	Ասա նրանց — Скажи им
64	սեր	love (noun)	любовь	առաջին սեր — первая любовь	մայրական սեր — материнская любовь
65	գրական	literary	литературный	գրական լեզու — литературный язык	գրական երկեր — литературные произведения
66	նոր	new	новый	նոր տուն — новый дом	Շնորհավոր Նոր տարի — С Новым годом
67	ամեն	every	каждый	ամեն օր — каждый день	Ամեն ինչ լավ է — Всё хорошо
68	բառ	word	слово	նոր բառ սովորեցի — я выучил новое слово	Այս բառը չգիտեմ — Этого слова я не знаю
69	տեսնել	to see	видеть	Քեզ վաղուց չեմ տեսել — Давно тебя не видел	Նրան տեսա փողոցում — Я видел его на улице
70	այստեղ	here	здесь, тут	Արի այստեղ — Иди сюда	Այստեղ սպասիր — Жди здесь
71	բան	thing	вещь	Մի բան ասա — Скажи что-нибудь	Ոչ մի բան չեմ ուզում — Я ничего не хочу
72	ձեր	your (pl/formal)	ваш	ձեր տունը — ваш дом	ձեր երեխաները — ваши дети
73	եթե	if	если	Եթե ուզում ես, արի — Если хочешь, приходи	Եթե անձրև գա, կմնանք տանը — Если пойдёт дождь, останемся дома
74	օր	day	день	երեք օր առաջ — три дня назад	Ամբողջ օրը աշխատեցի — Весь день я работал
75	առաջ	before, ago; forward	до, тому назад; вперёд	երկու տարի առաջ — два года назад	Առաջ գնա — Иди вперёд
76	այո	yes	да	Այո, գիտեմ — Да, знаю	Այո, իհարկե — Да, конечно
77	սա	this (one)	это	Սա ի՞նչ է — Что это?	Սա իմ տունն է — Это мой дом
78	տուն	house, home	дом	Մեր տունը մեծ է — Наш дом большой	Տանը եմ — Я дома
79	հայր	father	отец	Հայրս բժիշկ է — Мой отец врач	Նա լավ հայր է — Он хороший отец
80	հաճախ	often	часто	Հաճախ եմ նրան տեսնում — Я часто его вижу	Հաճախ ենք հանդիպում — Мы часто встречаемся
81	տարբեր	different, various	различный, разный	տարբեր լեզուներ — разные языки	տարբեր կարծիքներ — разные мнения
82	իրենց	their; them (gen/dat of իրենք)	их	իրենց տունը — их дом	Իրենց հետ գնացի — Я пошёл с ними
83	որտեղ	where	где	Որտե՞ղ ես ապրում — Где ты живёшь?	Որտե՞ղ է գիրքը — Где книга?
84	հայոց	Armenian	армянский	հայոց լեզու — армянский язык	հայոց պատմություն — армянская история
85	վազել	to run	бежать	Երեխան վազում է — Ребёнок бежит	Ամեն առավոտ վազում եմ — Каждое утро я бегаю
86	հայ	Armenian	армянин, армянский	Ես հայ եմ — Я армянин	հայ ժողովուրդ — армянский народ
87	մասին	about, concerning (քո մասին — about you)	о, про	Քո մասին եմ մտածում — Я думаю о тебе	Ինչի՞ մասին ես խոսում — О чём ты говоришь?
88	ժամ	hour	час	երկու ժամ հետո — через два часа	Ժամը երեքն է — Сейчас три часа
89	կողմ	side, direction; party	сторона, направление	աջ կողմում — на правой стороне	մյուս կողմից — с другой стороны
90	ժամանակ	time, period	время	Ժամանակն արագ անցնում է — Время быстро проходит	այն ժամանակ — в то время
91	մյուս	other	другой	մյուս անգամ — в другой раз	Մյուսները գնացին — Остальные ушли
92	մոտ	near, close to	рядом, около	տան մոտ — около дома	Արի ինձ մոտ — Подойди ко мне
93	ուզել	to want, wish, desire	хотеть, желать	Ջուր եմ ուզում — Я хочу воды	Ուզում եմ տուն գնալ — Хочу пойти домой
94	քաղաք	city	город	մեծ քաղաք — большой город	քաղաքի կենտրոնում — в центре города
95	գիտենալ	to know	знать	Ես դա գիտեմ — Я это знаю	Ոչինչ չգիտեմ — Я ничего не знаю
96	ըստ	according to (ըստ օրենքի — according to the law)	согласно, по	ըստ օրենքի — согласно закону	ըստ իս — по-моему
97	այսօր	today	сегодня	Այսօր ցուրտ է — Сегодня холодно	Այսօր ի՞նչ օր է — Какой сегодня день?
98	չէր	wasn't (3sg)	не был(-а)	Նա տանը չէր — Его не было дома	Դա ճիշտ չէր — Это было неправильно
99	հայաստան	Armenia	Армения	Հայաստանում շատ լեռներ կան — В Армении много гор	Հայաստանը փոքր երկիր է — Армения маленькая страна
100	մայր	mother	мать	Մայրս լավ է եփում — Моя мать хорошо готовит	մայր ու որդի — мать и сын
101	առաջին	first, earliest	первый	առաջին հարկում — на первом этаже	առաջին դասը — первый урок
102	անուն	name	имя	Անունդ ի՞նչ է — Как тебя зовут?	Իմ անունը Արամ է — Меня зовут Арам
103	կա	(there) is, exists	есть, имеется	Հարց կա — Есть вопрос	Հույս կա — Есть надежда
104	տեղ	place, location, locality, position	место, местоположение	Ազատ տեղ կա՞ — Есть свободное место?	ամեն տեղ — везде
105	նստել	to sit down	садиться	Նստիր այստեղ — Садись здесь	Ավտոբուս նստեցինք — Мы сели в автобус
106	դուրս	out, outside	снаружи, наружу	Դուրս արի — Выходи	Դրսում ցուրտ է — На улице холодно
107	ընկնել	to fall	падать	Երեխան ընկավ — Ребёнок упал	Բաժակը ձեռքիցս ընկավ — Стакан выпал у меня из рук
108	երբեմն	sometimes, occasionally	иногда	Երբեմն կինո ենք գնում — Иногда мы ходим в кино	
109	նման	similar, like, resembling	похожий, подобный	Նա հորը նման է — Он похож на отца	Նման բան չեմ տեսել — Ничего подобного я не видел
110	քո	your (sg)	твой	քո գիրքը — твоя книга	Սա քո գործը չէ — Это не твоё дело
111	միջոց	means, method	средство, способ	Այլ միջոց չկա — Другого способа нет	կապի միջոցներ — средства связи
112	տարի	year	год	անցյալ տարի — в прошлом году	հինգ տարի առաջ — пять лет назад
113	ում	whom; whose; to whom (gen/dat/acc of ով)	кого, кому	Ո՞ւմ ես սպասում — Кого ты ждёшь?	Ո՞ւմ գիրքն է սա — Чья это книга?
114	սխալ	wrong, incorrect	неправильный, ошибочный	սխալ պատասխան — неправильный ответ	Սխալ համար եք հավաքել — Вы набрали неправильный номер
115	բերել	to bring, to fetch	приносить	Ջուր բեր — Принеси воды	Գիրքը բերեցի — Я принёс книгу
116	ձեռք	hand	рука	Ձեռքս ցավում է — У меня болит рука	Ձեռքերդ լվա — Помой руки
117	հետո	after, then	после, потом	Հետո կխոսենք — Потом поговорим	դասից հետո — после урока
118	ալ	also, too (W. Arm., dialectal, = էլ)	тоже, также	Ես ալ գիտեմ — Я тоже знаю	
119	իմաստ	sense, meaning	смысл, значение	բառի իմաստը — значение слова	Իմաստ չունի — Не имеет смысла
120	ուր	where	где, куда	Ո՞ւր ես գնում — Куда ты идёшь?	
121	թագավոր	king	король	Թագավորը հրամայեց — Король приказал	թագավորի պալատը — дворец короля
122	նախադասություն	sentence	предложение	կարճ նախադասություն — короткое предложение	Նախադասություն կազմիր — Составь предложение
123	դառնալ	to become, to turn	становиться, превращаться	Նա բժիշկ դարձավ — Он стал врачом	Հայտնի դարձավ — Он стал известным
124	առնել	to take, to buy	брать, покупать	Հաց առ — Купи хлеб	Շուկայից միրգ առա — Я купил фрукты на рынке
125	սակայն	however, but, yet	однако	Ուշ էր, սակայն եկավ — Было поздно, однако он пришёл	
126	գիրք	book	книга	հետաքրքիր գիրք — интересная книга	Գիրքը սեղանին է — Книга на столе
127	բառապաշար	vocabulary	словарный запас, лексика	հարուստ բառապաշար — богатый словарный запас	բառապաշար հարստացնել — обогащать словарный запас
128	կան	there are	есть, имеются	Հարցեր կա՞ն — Есть вопросы?	Այնտեղ մարդիկ կան — Там есть люди
129	գնալ	to go	идти, ходить	Տուն եմ գնում — Я иду домой	Գնացինք կինո — Мы пошли в кино
130	ինչու	why	почему	Ինչո՞ւ ես լացում — Почему ты плачешь?	Ինչո՞ւ չեկար — Почему ты не пришёл?
131	ապա	then, after that	потом, затем	Կերանք, ապա գնացինք — Мы поели, затем ушли	
132	դրանք	those; they (inanimate)	те	Դրանք ի՞նչ են — Что это такое?	Դրանք տար այստեղից — Унеси их отсюда
133	ժամանակակից	contemporary	современный	ժամանակակից արվեստ — современное искусство	ժամանակակից հայերեն — современный армянский
134	լեզվական	linguistic	языковой, лингвистический	լեզվական սխալ — языковая ошибка	լեզվական երևույթ — языковое явление
135	փոքր	small	маленький	փոքր երեխա — маленький ребёнок	Ես նրանից փոքր եմ — Я младше него
136	իրար	each other	друг друга	Իրար ճանաչում ենք — Мы знаем друг друга	Իրար հետ խոսում են — Они говорят друг с другом
137	երևույթ	phenomenon; appearance (բնական երևույթ)	явление	բնական երևույթ — природное явление	հազվադեպ երևույթ — редкое явление
138	հասարակական	social; public; common	общественный; публичный; общий	հասարակական կյանք — общественная жизнь	հասարակական կարծիք — общественное мнение
139	արդեն	already	уже	Արդեն ուշ է — Уже поздно	Նա արդեն եկել է — Он уже пришёл
140	ուրիշ	other, different	другой	Ուրիշ բան ասա — Скажи что-нибудь другое	ուրիշի գործերին մի խառնվիր — не вмешивайся в чужие дела
141	հազար	thousand	тысяча	հազար դրամ — тысяча драмов	Հազար անգամ ասել եմ — Тысячу раз говорил
142	մինչև	until, till; up to	до, вплоть до	մինչև երեկո — до вечера	Մինչև վաղը — До завтра
143	կրթություն	education	образование	բարձրագույն կրթություն — высшее образование	Լավ կրթություն ստացավ — Он получил хорошее образование
144	գլուխ	head	голова	Գլուխս ցավում է — У меня болит голова	Գլուխս պտտվում է — У меня кружится голова
145	ձեզ	you, pl/formal (dat/acc of դուք)	вас, вам	Ձեզ եմ սպասում — Я жду вас	Ինչպե՞ս օգնեմ Ձեզ — Как вам помочь?
146	տվյալ	given, this; data (pl. տվյալներ)	данный, этот	տվյալ դեպքում — в данном случае	տվյալ պահին — в данный момент
147	առօրյա	everyday, daily routine	повседневный, будни	առօրյա կյանք — повседневная жизнь	առօրյա հոգսեր — повседневные заботы
148	դպրոց	school	школа	Երեխան դպրոցում է — Ребёнок в школе	Դպրոց եմ գնում — Я иду в школу
149	նույն	same	тот же, одинаковый	նույն օրը — в тот же день	Նույն բանն ես ասում — Ты говоришь то же самое
150	վեր	up, upward; upper part	вверх; выше	Վեր կաց, ուշ է — Вставай, уже поздно	Վեր նայեց — Он посмотрел вверх
151	որևէ	any	какой-либо, любой	Որևէ հարց ունե՞ս — Есть какой-нибудь вопрос?	որևէ մեկը — кто-нибудь
152	հայկական	Armenian (adjective)	армянский	հայկական երաժշտություն — армянская музыка	հայկական խոհանոց — армянская кухня
153	միշտ	always	всегда	Միշտ քեզ հետ եմ — Я всегда с тобой	Նա միշտ ուշանում է — Он всегда опаздывает
154	միայն	only	только	Միայն դու գիտես — Только ты знаешь	միայն մեկ անգամ — только один раз
155	որոշ	some, certain	некоторый	որոշ ժամանակ անց — через некоторое время	որոշ մարդիկ — некоторые люди
156	արտահայտել	to express	выражать	Կարծիքդ արտահայտիր — Вырази своё мнение	Շնորհակալություն արտահայտեց — Он выразил благодарность
157	բնորոշ	characteristic, typical	характерный, типичный	Դա նրան բնորոշ է — Это для него характерно	բնորոշ գծեր — характерные черты
158	քույր	sister	сестра	Քույր ունե՞ս — У тебя есть сестра?	Քույրս ինձնից մեծ է — Моя сестра старше меня
159	որոնց	of which	которых	մարդիկ, որոնց ճանաչում եմ — люди, которых я знаю	
160	որպես	as, like	как, в качестве	Աշխատում է որպես բժիշկ — Он работает врачом	որպես օրինակ — в качестве примера
161	բժիշկ	doctor, physician	врач, доктор	Բժիշկ կանչեք — Вызовите врача	Բժշկի մոտ գնացի — Я пошёл к врачу
162	մեզ	us (dat/acc of մենք)	нас, нам	Մեզ սպասիր — Подожди нас	Մեզ մոտ արի — Приходи к нам
163	լսել	to hear, to listen; to obey	слышать, слушать; слушаться	Երաժշտություն եմ լսում — Я слушаю музыку	Ինձ լսիր — Послушай меня
164	ճիշտ	right, correct	правильный, верный	ճիշտ պատասխան — правильный ответ	Դու ճիշտ ես — Ты прав
165	նամակ	letter	письмо	երկար նամակ — длинное письмо	Նամակը ստացա — Я получил письмо
166	հիմա	now	сейчас	Հիմա եմ գալիս — Сейчас иду	Հիմա ժամանակ չունեմ — Сейчас у меня нет времени
167	օտար	foreign	чужой, иностранный	օտար լեզու — иностранный язык	օտար երկրում — в чужой стране
168	արև	sun	солнце	Արևը շողում է — Солнце светит	Արևը ծագեց — Солнце взошло
169	աշխարհ	world, universe	мир, вселенная	ամբողջ աշխարհում — во всём мире	աշխարհի քարտեզ — карта мира
170	երեք	three	три	երեք ժամ — три часа	Երեք երեխա ունի — У него трое детей
171	տանել	to take	нести, везти, относить	Երեխային դպրոց եմ տանում — Веду ребёнка в школу	Սա տար տուն — Отнеси это домой
172	երեխա	child	ребёнок	Երեխան քնած է — Ребёнок спит	Երկու երեխա ունեն — У них двое детей
173	դնել	to put, to place	класть, ставить	Գիրքը դիր սեղանին — Положи книгу на стол	Բանալիներն ո՞ւր ես դրել — Куда ты положил ключи?
174	այնտեղ	there	там	Այնտեղ ոչ ոք չկա — Там никого нет	Ես այնտեղ եղել եմ — Я там был
175	որքան	how much, as much as	сколько, насколько	Որքա՞ն արժե — Сколько стоит?	Որքան շուտ, այնքան լավ — Чем раньше, тем лучше
176	անվանի	famous, renowned	знаменитый, известный	անվանի գրող — знаменитый писатель	անվանի բժիշկ — известный врач
177	խաղալ	to play	играть	Երեխաները բակում խաղում են — Дети играют во дворе	Շախմատ ենք խաղում — Мы играем в шахматы
178	անգամ	time, instance; even	раз; даже	առաջին անգամ — в первый раз	Նա անգամ չզանգահարեց — Он даже не позвонил
179	խնդրեմ	please; you're welcome	пожалуйста	Խնդրեմ, նստեք — Пожалуйста, садитесь	
180	կարելի	possible	можно, возможно	Կարելի՞ է ներս մտնել — Можно войти?	Այստեղ չի կարելի ծխել — Здесь нельзя курить
181	կյանք	life	жизнь	երկար կյանք — долгая жизнь	Կյանքը կարճ է — Жизнь коротка
182	սովորել	to learn	учиться, учить	Հայերեն եմ սովորում — Я учу армянский	Համալսարանում է սովորում — Он учится в университете
183	աչք	eye	глаз	Աչքերս ցավում են — У меня болят глаза	կապույտ աչքեր — голубые глаза
184	դա	that (one)	то	Դա ի՞նչ է — Что это?	Դա ճիշտ չէ — Это неверно
185	էջ	page	страница	Բացեք տասներորդ էջը — Откройте десятую страницу	գրքի վերջին էջը — последняя страница книги
186	փոխարեն	instead of (իմ փոխարեն — instead of me)	вместо	Իմ փոխարեն գնա — Иди вместо меня	Սուրճի փոխարեն թեյ խմեց — Вместо кофе он выпил чай
187	գեղեցիկ	beautiful	красивый	գեղեցիկ աղջիկ — красивая девушка	գեղեցիկ տեսարան — красивый вид
188	ապրել	to live	жить	Երևանում եմ ապրում — Я живу в Ереване	Նա երկար ապրեց — Он долго жил
189	ընկեր	friend	друг	իմ լավ ընկերը — мой хороший друг	Ընկերներիս հետ էի — Я был с друзьями
190	ան	he, she (W. Arm. / colloq.; Eastern: նա)	он, она	Ան իմ ընկերն է — Он мой друг	
191	մաս	part, piece; bit, morsel	часть, кусок; кусочек	գրքի առաջին մասը — первая часть книги	Մի մասը կերանք — Часть мы съели
192	կարևոր	important	важный	կարևոր հարց — важный вопрос	Դա շատ կարևոր է — Это очень важно
193	կին	woman	женщина	գեղեցիկ կին — красивая женщина	Կանայք զրուցում էին — Женщины беседовали
194	գործ	work, business, matter	дело, работа	Գործ ունեմ — У меня есть дело	Գործի եմ գնում — Я иду на работу
195	առանց	without (առանց քեզ — without you)	без	առանց շաքարի — без сахара	Առանց քեզ չեմ գնա — Без тебя не пойду
196	կիրառություն	use, application	применение	լայն կիրառություն — широкое применение	բառի կիրառությունը — употребление слова
197	դեռ	still, yet	ещё, пока	Դեռ չեմ որոշել — Я ещё не решил	Նա դեռ քնած է — Он ещё спит
198	դեմք	face	лицо	ծանոթ դեմք — знакомое лицо	Դեմքը լվաց — Он умыл лицо
199	քիչ	little, few	мало	Մի քիչ սպասիր — Подожди немного	Քիչ ժամանակ ունենք — У нас мало времени
200	պես	like, as (քո պես — like you)	как, подобно	Ինձ պես արա — Делай как я	Երեխայի պես ուրախացավ — Обрадовался как ребёнок
201	ռուսերեն	Russian	русский (язык)	Նա լավ ռուսերեն է խոսում — Он хорошо говорит по-русски	Ռուսերեն եմ սովորում — Я учу русский
202	լալ	to cry, to weep	плакать, рыдать	Երեխան սկսեց լալ — Ребёнок начал плакать	Աղջիկը լալիս է — Девочка плачет
203	տիկին	Mrs., madam	госпожа, мадам	Բարև ձեզ, տիկին Անահիտ — Здравствуйте, госпожа Анаит	
204	աղջիկ	girl	девочка, девушка	Աղջիկը դպրոց է գնում — Девочка идёт в школу	Նա գեղեցիկ աղջիկ է — Она красивая девушка
205	երկար	long	длинный, долгий	Նա երկար մազեր ունի — У неё длинные волосы	Երկար սպասեցինք — Мы долго ждали
206	արտահայտություն	expression	выражение	Սա գեղեցիկ արտահայտություն է — Это красивое выражение	
207	բանավոր	oral, verbal	устный	Վաղը բանավոր քննություն ունենք — Завтра у нас устный экзамен	
208	այսպես	thus, like this	так, вот так	Այսպես ավելի լավ է — Так лучше	Այսպես մի խոսիր — Не говори так
209	հարյուր	hundred	сто	Հարյուր դրամ ունեմ — У меня сто драмов	
210	համալսարան	university	университет	Նա սովորում է համալսարանում — Он учится в университете	
211	նշել	to mark, to note	отмечать, помечать	Նա նշեց կարևոր կետերը — Он отметил важные пункты	Նշիր այս բառը — Отметь это слово
212	աշակերտ	pupil (male)	ученик	Դասարանում քսան աշակերտ կա — В классе двадцать учеников	
213	երիտասարդ	young (man)	молодой (человек)	Նա դեռ երիտասարդ է — Он ещё молод	Մի երիտասարդ մոտեցավ մեզ — К нам подошёл один молодой человек
214	վատ	bad	плохой	Այսօր վատ եղանակ է — Сегодня плохая погода	Ես ինձ վատ եմ զգում — Я плохо себя чувствую
215	դեմ	against (պատերազմի դեմ — against war); opposite	против; напротив	Ես դեմ եմ այդ մտքին — Я против этой идеи	Նրանք կանգնած են դեմ դիմաց — Они стоят друг напротив друга
216	գործածություն	use, usage	употребление	Այս բառի գործածությունը հազվադեպ է — Употребление этого слова редко	
217	ոճական	stylistic	стилистический	Սա ոճական սխալ է — Это стилистическая ошибка	
218	հիմնականում	mainly, basically	в основном, главным образом	Հիմնականում տանն եմ աշխատում — В основном я работаю дома	
219	հին	old	старый	Սա հին տուն է — Это старый дом	Մենք հին ընկերներ ենք — Мы старые друзья
220	մնալ	to remain, stay	оставаться	Ես տանը մնացի — Я остался дома	Քիչ ժամանակ է մնացել — Осталось мало времени
221	ամբողջ	entire	весь, целый	Ամբողջ օրը աշխատեցի — Я работал весь день	Ամբողջ քաղաքը գիտի — Весь город знает
222	դուռ	door	дверь	Դուռը փակ է — Дверь закрыта	Դուռը բացիր, խնդրում եմ — Открой дверь, пожалуйста
223	կոչվել	to be called, be named	называться	Այս փողոցը ինչպե՞ս է կոչվում — Как называется эта улица?	
224	յուրաքանչյուր	each, every	каждый	Յուրաքանչյուր մարդ դա գիտի — Каждый человек это знает	
225	հատկապես	especially	особенно	Սիրում եմ մրգեր, հատկապես խնձոր — Люблю фрукты, особенно яблоки	
226	հարցնել	to ask	спрашивать	Կարելի՞ է մի բան հարցնել — Можно кое-что спросить?	Նա հարցրեց իմ անունը — Он спросил моё имя
227	այսինքն	i.e., namely	то есть, а именно	Վաղը, այսինքն երկուշաբթի, կհանդիպենք — Завтра, то есть в понедельник, встретимся	
228	տարեկան	annual; -years-old	годовой; -летний	Նա հինգ տարեկան է — Ему пять лет	Տարեկան հաշվետվությունը պատրաստ է — Годовой отчёт готов
229	չկա	(there) isn't, doesn't exist	нет, не имеется	Տանը հաց չկա — Дома нет хлеба	Ժամանակ չկա — Времени нет
230	տակ	under (սեղանի տակ — under the table); bottom	под; низ	Գիրքը սեղանի տակ է — Книга под столом	Ծառի տակ նստեցինք — Мы сели под деревом
231	ընդհանուր	general, universal, common	общий, всеобщий	Մենք ընդհանուր ընկերներ ունենք — У нас общие друзья	Ընդհանուր առմամբ համաձայն եմ — В общем я согласен
232	թվական	date, year	дата, год	Ո՞ր թվականին ես ծնվել — В каком году ты родился?	
233	հագուստ	clothing	одежда	Տաք հագուստ վերցրու — Возьми тёплую одежду	
234	այնքան	so	так, настолько	Այստեղ այնքան գեղեցիկ է — Здесь так красиво	Այնքան էլ դժվար չէ — Не так уж трудно
235	չորս	four	четыре	Մենք չորս հոգի ենք — Нас четверо	
236	ուսանող	university student	студент	Ես համալսարանի ուսանող եմ — Я студент университета	
237	խմել	to drink	пить	Ուզում եմ ջուր խմել — Хочу выпить воды	Սուրճ խմե՞նք — Выпьем кофе?
238	լույս	light	свет	Լույսը վառիր — Включи свет	Բարի լույս — Доброе утро
239	հատուկ	special	особый, специальный	Սա հատուկ առիթ է — Это особый случай	Հատուկ քեզ համար եմ արել — Я сделал специально для тебя
240	հավանել	to like, to approve; to agree	нравиться, одобрять	Ես հավանեցի այդ ֆիլմը — Мне понравился тот фильм	Նա հավանեց իմ միտքը — Он одобрил мою идею
241	բազմաթիվ	numerous, many	многочисленный, многие	Նա բազմաթիվ գրքեր ունի — У него множество книг	
242	պետական	state; national; public	государственный; национальный; общественный	Նա պետական համալսարանում է սովորում — Он учится в государственном университете	Այսօր պետական տոն է — Сегодня государственный праздник
243	հիմնական	basic, fundamental	основной, фундаментальный	Սա հիմնական խնդիրն է — Это основная проблема	
244	ձև	form; shape; pattern	форма; вид; образец	Այս բառը երկու ձև ունի — У этого слова две формы	Դա լավ ձև չէ — Это плохой способ
245	կես	half	половина	Ժամը երեքն անց կես է — Сейчас половина четвёртого	Կես ժամ սպասեցի — Я ждал полчаса
246	չափ	measure, size	мера, размер	Ամեն ինչ չափ ունի — Всё имеет меру	Այս չափը ինձ հարմար է — Этот размер мне подходит
247	հինգ	five	пять	Նա հինգ երեխա ունի — У него пятеро детей	
248	եղբայր	brother	брат	Ես մեծ եղբայր ունեմ — У меня есть старший брат	
249	արա	hey, dude (voc.); do! (imp. of անել; մի՛ արա = don't)	эй, чувак; делай!	Արա, ի՞նչ ես անում — Эй, что ты делаешь?	Արագ արա — Делай быстрее
250	նշանակել	to mean	значить, обозначать	Ի՞նչ է նշանակում այս բառը — Что значит это слово?	Դա ոչինչ չի նշանակում — Это ничего не значит
251	վերջին	last, final	последний	Սա վերջին անգամն է — Это последний раз	Վերջին ժամանակներում շատ եմ աշխատում — В последнее время я много работаю
252	եղանակ	weather	погода	Այսօր լավ եղանակ է — Сегодня хорошая погода	Եղանակը փոխվեց — Погода изменилась
253	այսպիսի	such; such a; of this kind; like this	такой, подобный	Այսպիսի բան չէի տեսել — Такого я не видел	
254	գիշեր	night	ночь	Բարի գիշեր — Спокойной ночи	Ամբողջ գիշերը չեմ քնել — Я не спал всю ночь
255	աշխատանք	work, labor	работа, труд	Նոր աշխատանք եմ գտել — Я нашёл новую работу	Աշխատանքից հետո տուն եմ գնում — После работы я иду домой
256	այդպես	thus, like that	так, вот так	Այդպես մի ասա — Не говори так	Այդպես էլ եղավ — Так и случилось
257	նպատակ	aim	цель	Նա հստակ նպատակ ունի — У него ясная цель	
258	բարբառ	dialect	диалект	Նա բարբառով է խոսում — Он говорит на диалекте	
259	մասնագիտական	professional	профессиональный	Մասնագիտական փորձ ունե՞ս — У тебя есть профессиональный опыт?	
260	անգլերեն	English	английский	Անգլերեն խոսու՞մ ես — Ты говоришь по-английски?	Անգլերեն եմ սովորում — Я учу английский
261	հասկանալ	understand	понимать	Ես քեզ հասկանում եմ — Я тебя понимаю	Ոչինչ չհասկացա — Я ничего не понял
262	դժվար	hard, difficult, challenging	трудный, тяжёлый	Սա դժվար հարց է — Это трудный вопрос	Ինձ համար դա դժվար է — Для меня это трудно
263	հոգնել	to get tired	уставать	Ես շատ եմ հոգնել — Я очень устал	Սպասելուց հոգնեցի — Я устал ждать
264	հիվանդ	sick, ill, diseased	больной	Երեխան հիվանդ է — Ребёнок болен	Նա ծանր հիվանդ է — Он тяжело болен
265	դեր	role	роль	Նա գլխավոր դերն է խաղում — Он играет главную роль	Կրթությունը մեծ դեր է խաղում — Образование играет большую роль
266	անդամ	member; limb	член; конечность	Նա մեր ընտանիքի անդամն է — Он член нашей семьи	
267	նկատմամբ	towards, regarding, concerning	по отношению к, относительно	Նա բոլորի նկատմամբ բարի է — Он добр ко всем	
268	երկիր	country	страна	Հայաստանը գեղեցիկ երկիր է — Армения красивая страна	Ո՞ր երկրից ես — Из какой ты страны?
269	հայտնի	well-known	известный	Նա հայտնի երգիչ է — Он известный певец	
270	աշխատել	to work	работать	Ես դպրոցում եմ աշխատում — Я работаю в школе	Հեռախոսը չի աշխատում — Телефон не работает
271	սիրտ	heart	сердце	Սիրտս ցավում է — У меня болит сердце	Նա բարի սիրտ ունի — У него доброе сердце
272	թողնել	to leave, allow (colloq: թողել)	оставить, разрешать	Բանալիները տանը թողեցի — Я оставил ключи дома	Ինձ մենակ թող — Оставь меня в покое
273	շուն	dog	собака	Մենք շուն ունենք — У нас есть собака	Շունը հաչում է — Собака лает
274	այնպես	so, that way	так, таким образом	Այնպես արա, ինչպես ասացի — Сделай так, как я сказал	Այնպես չէ՞ — Не так ли?
275	հա	yeah, yes	да, ага	Հա, գիտեմ — Да, знаю	
276	այժմ	now, at present, at this moment in time	сейчас, в настоящее время	Այժմ ես տանն եմ — Сейчас я дома	
277	կիրառվել	to be applied, used	применяться	Այս մեթոդը լայնորեն կիրառվում է — Этот метод широко применяется	
278	առանձին	separate, single	отдельный, особый	Նա ապրում է առանձին սենյակում — Он живёт в отдельной комнате	
279	դեպի	towards (դեպի տուն — towards home)	к, в направлении	Գնում ենք դեպի տուն — Мы идём в сторону дома	Նա վազեց դեպի ծովը — Он побежал к морю
280	բարի	kind	добрый	Նա շատ բարի մարդ է — Он очень добрый человек	Բարի ախորժակ — Приятного аппетита
281	նորից	again	снова, опять	Նորից փորձիր — Попробуй снова	Նա նորից ուշացավ — Он опять опоздал
282	գտնել	to find	находить	Բանալիս չեմ գտնում — Не могу найти свой ключ	Լավ լուծում գտանք — Мы нашли хорошее решение
283	լայն	wide	широкий	Այս փողոցը շատ լայն է — Эта улица очень широкая	
284	ներս	in, inside (ներս մտնել — to enter)	внутрь, внутри	Ներս արի — Заходи	Նա ներս մտավ — Он вошёл внутрь
285	շաբաթ	week; Saturday	неделя; суббота	Մեկ շաբաթից կվերադառնամ — Вернусь через неделю	Շաբաթ օրը հանգստանում ենք — В субботу мы отдыхаем
286	հաց	bread	хлеб	Թարմ հաց առա — Я купил свежий хлеб	Արի հաց ուտենք — Давай поедим
287	դուր	to please, to be liked (ինձ դուր է գալիս — I like it)	нравиться	Այս երգը ինձ դուր է գալիս — Эта песня мне нравится	Ֆիլմը քեզ դուր եկա՞վ — Тебе понравился фильм?
288	անց	past (ութն անց կես — half past eight; անց կենալ — to pass)	проход, переход	Ժամը ութն անց կես է — Сейчас половина девятого	Ձմեռն անց կացավ — Зима прошла
289	բաց	open, not closed	открытый	Խանութը բաց է — Магазин открыт	Պատուհանը բաց թող — Оставь окно открытым
290	հարց	question	вопрос	Մի հարց ունեմ — У меня есть вопрос	Դա բարդ հարց է — Это сложный вопрос
291	ժողովուրդ	nation, people, folk	народ	Հայ ժողովուրդը հին պատմություն ունի — У армянского народа древняя история	
292	ընթացքում	during, in the course of (դասի ընթացքում — during the class)	в течение	Դասի ընթացքում մի խոսիր — Не разговаривай во время урока	Օրվա ընթացքում կզանգեմ — Позвоню в течение дня
293	պատմություն	story	рассказ, история	Նա հետաքրքիր պատմություն պատմեց — Он рассказал интересную историю	Երկար պատմություն է — Это долгая история
294	տասը	ten	десять	Ժամը տասն է — Сейчас десять часов	
295	ցույց	demonstration, manifestation, rally	демонстрация, митинг	Երեկ քաղաքում ցույց էր — Вчера в городе была демонстрация	
296	հեռու	far, distant, remote	далёкий, далеко	Դպրոցը տնից հեռու է — Школа далеко от дома	Նրանից հեռու մնա — Держись от него подальше
297	քան	than (comparative)	чем	Նա ավելի մեծ է, քան ես — Он старше, чем я	
298	առարկա	object; thing	предмет; вещь	Սեղանին տարբեր առարկաներ կան — На столе разные предметы	
299	վերաբերմունք	attitude	отношение	Նրա վերաբերմունքը փոխվել է — Его отношение изменилось	
300	որոշակի	certain, clear	определённый	Դրա համար որոշակի ժամանակ է պետք — Для этого нужно определённое время	
301	ինչպիսի	what a ...!	какой, что за	Ինչպիսի գեղեցիկ օր է — Какой прекрасный день!	
302	անտառ	forest	лес	Անտառում շատ ծառեր կան — В лесу много деревьев	Անտառում զբոսնեցինք — Мы гуляли по лесу
303	սեղան	table	стол	Գիրքը սեղանին է — Книга на столе	Նստիր սեղանի մոտ — Садись за стол
304	ջուր	water	вода	Մի բաժակ ջուր տուր — Дай стакан воды	Ջուրը սառն է — Вода холодная
305	ուրախ	happy, glad, cheerful	радостный, весёлый	Ես շատ ուրախ եմ — Я очень рад	Ուրախ եմ քեզ տեսնել — Рад тебя видеть
306	չէիր	weren't (2sg)	ты не был(-а)	Երեկ դու տանը չէիր — Вчера тебя не было дома	Ինչու՞ չէիր զանգում — Почему ты не звонил?
307	ևս	also, too, as well	тоже, также	Ես ևս համաձայն եմ — Я тоже согласен	ԵՒս մեկ հարց ունեմ — У меня ещё один вопрос
308	միջև	among, between	между	Մեր միջև ամեն ինչ լավ է — Между нами всё хорошо	Նրանց միջև վեճ եղավ — Между ними возник спор
309	պատճառով	by reason of, because of	из-за, по причине	Անձրևի պատճառով տանը մնացինք — Из-за дождя мы остались дома	
310	հանդես	festival, celebrations, festivities	праздник, торжество	Դպրոցում տոնական հանդես է — В школе праздничное торжество	
311	դարձնել	to make, turn (sth) into	превратить, делать	Դա նրան հայտնի դարձրեց — Это сделало его известным	Նա տունը թանգարան դարձրեց — Он превратил дом в музей
312	այնպիսի	such, suchlike	такой, подобный	Այնպիսի աղմուկ էր, որ չլսեցի — Был такой шум, что я не услышал	
313	պայմանավորված	conditioned by, due to	обусловленный	Դա եղանակով է պայմանավորված — Это обусловлено погодой	
314	մի քիչ	a little, a bit	немного, чуть-чуть	Մի քիչ սպասիր — Подожди немного	Մի քիչ հաց վերցրու — Возьми немного хлеба
315	կտոր	piece	кусок	Մի կտոր հաց տուր — Дай кусок хлеба	Տորթի կտոր ուզու՞մ ես — Хочешь кусок торта?
316	ծառ	tree	дерево	Բակում բարձր ծառ կա — Во дворе высокое дерево	
317	անցնել	to pass, cross, go by	проходить, переходить	Ժամանակը արագ է անցնում — Время быстро проходит	Փողոցը միասին անցանք — Мы вместе перешли улицу
318	մտնել	to enter	входить	Նա մտավ սենյակ — Он вошёл в комнату	Կարելի՞ է ներս մտնել — Можно войти?
319	արի	come! (imp. of գալ)	иди!	Արի այստեղ — Иди сюда	Արի գնանք — Давай пойдём
320	մատիտ	pencil	карандаш	Մատիտով եմ գրում — Я пишу карандашом	
321	տղա	boy	мальчик; парень	Տղան գնդակ է խաղում — Мальчик играет в мяч	Նրանք երկու տղա ունեն — У них два сына
322	չէիք	weren't (2pl/formal)	вы не были	Դուք այնտեղ չէիք — Вас там не было	Ինչու՞ չէիք եկել — Почему вы не пришли?
323	պարզ	not clouded, clear, serene	ясный, безоблачный	Երկինքը պարզ է — Небо ясное	
324	կապ	tie, bond	связь, узы	Մենք կապ ենք պահում — Мы поддерживаем связь	Դա կապ չունի — Это не имеет отношения
325	խելք	brains; mind; wit, intellect; intelligence	ум, разум	Նա շատ խելք ունի — У него много ума	Խելքի արի — Возьмись за ум
326	միավոր	unit	единица	Դրամը Հայաստանի դրամական միավորն է — Драм является денежной единицей Армении	
327	կազմել	to compose, form, put together	составлять, образовывать	Ցուցակ եմ կազմում — Я составляю список	Պլան կազմեցինք — Мы составили план
328	գրավոր	written	письменный	Վաղը գրավոր աշխատանք ունենք — Завтра у нас письменная работа	
329	ավելորդ	superfluous	лишний, излишний	Սա ավելորդ ծախս է — Это лишний расход	Ավելորդ բան մի ասա — Не говори лишнего
330	վախենալ	to fear	бояться	Ես մթից վախենում եմ — Я боюсь темноты	Մի վախեցիր — Не бойся
331	կենդանի	animal; alive, living	животное; живой	Անտառում շատ կենդանիներ կան — В лесу много животных	Նա կենդանի է — Он жив
332	կարծել	to believe, think, judge, consider, suppose	думать, полагать	Կարծում եմ, որ ճիշտ ես — Думаю, что ты прав	Ի՞նչ ես կարծում — Как ты думаешь?
333	թատրոն	theater	театр	Երեկ թատրոն գնացինք — Вчера мы ходили в театр	
334	թվել	to seem	казаться	Ինձ թվում է, որ անձրև կգա — Мне кажется, что будет дождь	Դա ինձ տարօրինակ թվաց — Это показалось мне странным
335	անձրև	rain	дождь	Անձրև է գալիս — Идёт дождь	Անձրևից հետո արևը դուրս եկավ — После дождя вышло солнце
336	երկրորդ	second	второй	Մենք ապրում ենք երկրորդ հարկում — Мы живём на втором этаже	Երկրորդ անգամ եմ ասում — Говорю уже второй раз
337	գտնվել	to be located, be found	находиться	Դպրոցը գտնվում է կենտրոնում — Школа находится в центре	
338	որովհետև	because, since	потому что	Չեկա, որովհետև հիվանդ էի — Я не пришёл, потому что болел	
339	տարբերություն	difference	разница, различие	Ի՞նչ տարբերություն — Какая разница?	Նրանց միջև մեծ տարբերություն կա — Между ними большая разница
340	կերպ	method, way, mode, manner	способ, манера	Այս կերպ ավելի հեշտ է — Таким способом легче	Ոչ մի կերպ չեմ հասկանում — Никак не понимаю
341	ուստի	therefore, hence	поэтому	Ուշ էր, ուստի տուն գնացինք — Было поздно, поэтому мы пошли домой	
342	բարբառային	dialectal	диалектный	Սա բարբառային բառ է — Это диалектное слово	
343	ամառ	summer	лето	Ամռանը ծով ենք գնում — Летом мы ездим на море	Ամառը շոգ էր — Лето было жарким
344	տվեց	gave (3sg aorist of տալ)	дал(-а)	Նա ինձ գիրք տվեց — Он дал мне книгу	Մայրս ինձ փող տվեց — Мама дала мне деньги
345	բարձր	high	высокий	Սա բարձր շենք է — Это высокое здание	Սարերը շատ բարձր են — Горы очень высокие
346	ստանալ	to receive	получать	Նամակ ստացա — Я получил письмо	Աշխատավարձս ստացա — Я получил зарплату
347	ձյուն	snow	снег	Ձյուն է գալիս — Идёт снег	Ձյունը ծածկեց քաղաքը — Снег покрыл город
348	փողոց	street	улица	Մենք ապրում ենք այս փողոցում — Мы живём на этой улице	Փողոցը զգույշ անցիր — Осторожно переходи улицу
349	գյուղ	village	деревня, село	Տատիկս գյուղում է ապրում — Моя бабушка живёт в деревне	Նրանք գյուղից են — Они из деревни
350	բարև	hello	привет	Բարև, ինչպե՞ս ես — Привет, как ты?	Բարև ձեզ — Здравствуйте
351	ահա	here, behold	вот, гляди	Ահա իմ տունը — Вот мой дом	Ահա և վերջ — Вот и всё
352	կար	there was (past of կա); sewing (կար ու ձև — tailoring)	было; шитьё	Սեղանին մի գիրք կար — На столе была книга	Նա կար ու ձև է սովորում — Она учится шитью и крою
353	գիտություն	science	наука	Նա գիտությամբ է զբաղվում — Он занимается наукой	
354	խնդիր	request	просьба	Մի խնդիր ունեմ քեզնից — У меня к тебе просьба	
355	սովորաբար	usually	обычно	Սովորաբար շուտ եմ արթնանում — Обычно я просыпаюсь рано	
356	միտք	brains, mind, intellect; reflection, thinking	ум; мысль	Լավ միտք է — Хорошая мысль	Միտքս փոխեցի — Я передумал
357	նկատել	to note	замечать	Ես նրան չնկատեցի — Я его не заметил	Տեքստում սխալ նկատեցի — Я заметил ошибку в тексте
358	հարուստ	rich	богатый	Նա հարուստ ընտանիքից է — Он из богатой семьи	Հայերենը հարուստ լեզու է — Армянский богатый язык
359	նույնիսկ	even	даже	Նույնիսկ երեխան դա գիտի — Даже ребёнок это знает	
360	ազգային	national	национальный	Սա մեր ազգային տոնն է — Это наш национальный праздник	
361	գործել	to function, work, operate; to act	действовать, работать	Վերելակը չի գործում — Лифт не работает	Օրենքը գործում է — Закон действует
362	հակառակ	despite	вопреки, несмотря на	Հակառակ դրան, նա համաձայնեց — Несмотря на это, он согласился	
363	րոպե	minute	минута	Հինգ րոպեից այնտեղ եմ — Через пять минут я там	Տասը րոպե ուշացա — Я опоздал на десять минут
364	երեկ	yesterday	вчера	Երեկ անձրև էր գալիս — Вчера шёл дождь	
365	ոչինչ	nothing	ничего	Ոչինչ չեմ ուզում — Я ничего не хочу	Ոչինչ, մի անհանգստացիր — Ничего, не волнуйся
366	նախ	first, in the first place, firstly	сначала, во-первых	Նախ մտածիր, հետո խոսիր — Сначала подумай, потом говори	
367	գետ	river	река	Գետը հոսում է քաղաքի միջով — Река течёт через город	
368	կանաչ	green	зелёный	Խոտը կանաչ է — Трава зелёная	
369	փոխ	loan, borrowing	заём; взаймы	Փող փոխ տվեցի ընկերոջս — Я одолжил другу деньги	Նրանից փող փոխ վերցրի — Я взял у него деньги взаймы
370	հաճախակի	frequent	частый	Նրա այցերը հաճախակի դարձան — Его визиты стали частыми	
371	տարածված	common, widespread	распространённый	Սա տարածված անուն է — Это распространённое имя	
372	հասարակություն	society	общество	Հասարակությունը փոխվում է — Общество меняется	
373	ուսումնական	academic, school	учебный, школьный	Ուսումնական տարին սկսվեց — Учебный год начался	
374	գարուն	spring	весна	Գարունը եկավ — Весна пришла	Գարնանը ծաղիկները բացվում են — Весной распускаются цветы
375	դիմել	to apply	обращаться	Բժշկին դիմիր — Обратись к врачу	Համալսարան եմ դիմել — Я подал документы в университет
376	ազատ	free	свободный	Այս տեղն ազա՞տ է — Это место свободно?	Այսօր ես ազատ եմ — Сегодня я свободен
377	սպասել	to wait; to expect, await	ждать	Քեզ եմ սպասում — Я жду тебя	Ինձ մի սպասիր — Не жди меня
378	չէինք	weren't (1pl)	мы не были	Մենք տանը չէինք — Нас не было дома	Դրան չէինք սպասում — Мы этого не ожидали
379	պահ	moment, instant	момент, миг	Մի պահ, հիմա կգամ — Минутку, сейчас приду	Այդ պահին ես քնած էի — В тот момент я спал
380	տեղի	place	место	Հանդիպումը տեղի կունենա վաղը — Встреча состоится завтра	
381	այլև	also, moreover	также, к тому же	Ոչ միայն ես, այլև դու — Не только я, но и ты	
382	շրջան	circle	круг	Երեխաները շրջան կազմեցին — Дети образовали круг	
383	բնույթ	nature, character	характер, природа	Խնդիրը լուրջ բնույթ ունի — Проблема имеет серьёзный характер	
384	գործածել	to utilize, employ, make use of, use	употреблять, использовать	Այս բառը հաճախ են գործածում — Это слово часто употребляют	
385	քերականական	grammatical	грамматический	Սա քերականական սխալ է — Это грамматическая ошибка	
386	հատկանիշ	characteristic, distinctive, peculiar, idiosyncratic	признак, черта	Դա նրա գլխավոր հատկանիշն է — Это его главная черта	
387	գույն	color	цвет	Ի՞նչ գույն ես սիրում — Какой цвет ты любишь?	Երկնքի գույնը փոխվեց — Цвет неба изменился
388	կարմիր	red	красный	Կարմիր խնձոր եմ ուզում — Хочу красное яблоко	Նա կարմիր զգեստ է հագել — Она надела красное платье
389	ոտք	foot, leg	нога	Ոտքս ցավում է — У меня болит нога	Ոտքով ենք գնում — Мы идём пешком
390	ուժ	strength	сила	Նա մեծ ուժ ունի — У него большая сила	Ուժ չունեմ — У меня нет сил
391	պահել	to keep	держать, хранить	Փողը տանն եմ պահում — Я храню деньги дома	Երեխային ամուր պահիր — Крепко держи ребёнка
392	պատճառ	reason, cause	причина	Ի՞նչ պատճառով ուշացար — По какой причине ты опоздал?	Դրա պատճառը չգիտեմ — Я не знаю причину этого
393	ասա	say! (imp. of ասել)	скажи!	Ասա, թե ինչ ես ուզում — Скажи, что ты хочешь	Ճիշտն ասա — Скажи правду
394	սուրբ	holy, sacred	святой	Սա սուրբ վայր է — Это святое место	
395	ձուկ	fish	рыба	Ընթրիքին ձուկ կերանք — На ужин мы ели рыбу	Գետում շատ ձուկ կա — В реке много рыбы
396	երգել	to sing	петь	Նա գեղեցիկ է երգում — Она красиво поёт	Միասին երգ երգեցինք — Мы вместе спели песню
397	երես	face	лицо	Երեսդ լվա — Умой лицо	Երեսը կարմրեց — Его лицо покраснело
398	թեև	although, though	хотя	Թեև հոգնած էի, եկա — Хотя я устал, я пришёл	
399	անցյալ	past, last	прошлый; прошлое	Անցյալ տարի ծովում էինք — В прошлом году мы были на море	Անցյալը մոռացիր — Забудь прошлое
400	ոճ	style, manner	стиль	Նա իր ոճն ունի — У него свой стиль	Այս գրողի ոճը պարզ է — У этого писателя простой стиль
401	հուզված	agitated, moved, emotional	взволнованный	Նա շատ հուզված էր — Он был очень взволнован	Հուզված ձայնով խոսեց — Он говорил взволнованным голосом
402	առավել	more, much, far	более; наиболее	առավել կարևոր հարց — более важный вопрос	առավել ևս — тем более
403	անընդհատ	continuous, uninterrupted, unbroken, continual, unceasing	непрерывный; постоянно	Անընդհատ անձրև է գալիս — Всё время идёт дождь	անընդհատ աղմուկ — непрерывный шум
404	անհրաժեշտ	necessary, required	необходимый, нужный	Դա շատ անհրաժեշտ է — Это очень нужно	անհրաժեշտ պայմաններ — необходимые условия
405	թիվ	number	число, цифра	զույգ թիվ — чётное число	մեծ թվով մարդիկ — большое число людей
406	գիտական	scientific	научный	գիտական աշխատանք — научная работа	գիտական հոդված — научная статья
407	փորձել	to try	пробовать, пытаться	Ես կփորձեմ — Я попробую	Փորձիր բացել դուռը — Попробуй открыть дверь
408	ձմեռ	winter	зима	Ձմեռը ցուրտ է — Зима холодная	Ձմռանը ձյուն է գալիս — Зимой идёт снег
409	տաք	warm	тёплый	տաք ջուր — тёплая вода	Այսօր տաք է — Сегодня тепло
410	կատարել	to perform	выполнять, совершать	Նա կատարեց խոստումը — Он выполнил обещание	առաջադրանք կատարել — выполнять задание
411	արագ	fast, quick	быстрый; быстро	Նա արագ վազում է — Он быстро бегает	արագ քայլերով — быстрыми шагами
412	դաս	class; category; order	класс, разряд	կաթնասունների դասը — класс млекопитающих	
413	ճաշ	dinner	обед	համեղ ճաշ — вкусный обед	ճաշ եփել — готовить обед
414	վիճակ	state, condition	состояние, положение	Հիվանդի վիճակը լավ է — Состояние больного хорошее	ծանր վիճակում — в тяжёлом состоянии
415	երգ	song	песня	ժողովրդական երգ — народная песня	երգ երգել — петь песню
416	կարգ	system, order, rank, class; category	порядок; разряд	Սենյակը կարգի բեր — Приведи комнату в порядок	կարգ ու կանոն — порядок и дисциплина
417	հենց	exactly, just	именно, как раз	Հենց դա էի ուզում — Именно это я и хотел	հենց հիմա — прямо сейчас
418	ուսումնասիրություն	research, study, survey	исследование, изучение	գիտական ուսումնասիրություն — научное исследование	
419	իրողություն	reality	реальность, действительность	Դա արդեն իրողություն է — Это уже реальность	
420	հետևյալ	following	следующий	հետևյալ հարցերը — следующие вопросы	Կարդա հետևյալ նախադասությունը — Прочитай следующее предложение
421	ժողովրդախոսակցական	vernacular, colloquial	народно-разговорный	ժողովրդախոսակցական լեզու — народно-разговорный язык	
422	կրթական	educational	образовательный	կրթական համակարգ — образовательная система	կրթական ծրագիր — образовательная программа
423	խումբ	group	группа	ուսանողների խումբ — группа студентов	երաժշտական խումբ — музыкальная группа
424	պատասխանել	to answer	отвечать	Պատասխանիր հարցին — Ответь на вопрос	Նա չպատասխանեց — Он не ответил
425	բռնել	to hold	держать, хватать	Բռնիր ձեռքս — Держи мою руку	Ամուր բռնիր — Держи крепко
426	սիրել	to love, to like	любить	Ես քեզ սիրում եմ — Я тебя люблю	Սիրում եմ սուրճ — Люблю кофе
427	դրա	of that	того	Դրա մասին չգիտեմ — Об этом я не знаю	Դրա համար էլ եկա — Поэтому я и пришёл
428	ուսուցիչ	teacher	учитель	հայերենի ուսուցիչ — учитель армянского	Ուսուցիչը բացատրում է դասը — Учитель объясняет урок
429	կախվել	to hang	висеть, повиснуть	Երեխան կախվեց հոր վզից — Ребёнок повис на шее у отца	
430	փոքրիկ	small	маленький	փոքրիկ երեխա — маленький ребёнок	փոքրիկ տուն — маленький домик
431	նկար	picture, drawing, painting; image	картина, рисунок	գեղեցիկ նկար — красивая картина	նկար նկարել — рисовать картину
432	կողք	side, flank	бок, сторона	Նստիր կողքիս — Сядь рядом со мной	կողք կողքի — бок о бок
433	գրադարան	library	библиотека	Գնում եմ գրադարան — Иду в библиотеку	գրադարանից գիրք վերցնել — взять книгу в библиотеке
434	գնա	go! (imp. of գնալ)	иди!	Գնա տուն — Иди домой	Գնա այստեղից — Уходи отсюда
435	մտածել	to think	думать	Ինչի՞ մասին ես մտածում — О чём ты думаешь?	Լավ մտածիր — Подумай хорошенько
436	առ	plunder, pillage	грабёж, разграбление	Գյուղն առ ու ավար արեցին — Деревню разграбили	
437	այլևս	no longer, not anymore	больше не	Ես այլևս չեմ գա — Я больше не приду	Այլևս ուշ է — Уже поздно
438	մամուլ	pressing machine, press	пресс; печать	մամուլի ասուլիս — пресс-конференция	հիդրավլիկ մամուլ — гидравлический пресс
439	ոչ միայն	not only	не только	Ոչ միայն ես, այլև դու — Не только я, но и ты	
440	տաճար	temple, cathedral, sanctuary	храм	հին տաճար — древний храм	Գառնիի տաճարը — храм Гарни
441	մի շարք	a series, a number of	ряд, несколько	մի շարք հարցեր — ряд вопросов	մի շարք երկրներում — в ряде стран
442	կառույց	structure	сооружение, структура	հին կառույց — старое сооружение	պետական կառույցներ — государственные структуры
443	տարբերակ	variant, version, variety	вариант, версия	Սա լավ տարբերակ է — Это хороший вариант	նոր տարբերակ — новая версия
444	վեզիր	vizier	визирь	Վեզիրը եկավ թագավորի մոտ — Визирь пришёл к царю	
445	հնչյուն	sound	звук (речи)	հայերենի հնչյունները — звуки армянского языка	
446	ձայնավոր	vowel	гласный	ձայնավոր հնչյուն — гласный звук	
447	ստեղծել	to create	создавать	Նա նոր երգ ստեղծեց — Он создал новую песню	պայմաններ ստեղծել — создать условия
448	հիանալի	wonderful	прекрасный, чудесный	հիանալի եղանակ — прекрасная погода	Հիանալի է — Прекрасно
449	բերան	mouth	рот	Բացիր բերանդ — Открой рот	
450	հանել	take off	снимать; вынимать	Հանիր վերարկուդ — Сними пальто	Փողը գրպանից հանեց — Он вынул деньги из кармана
451	միասին	together	вместе	Գնանք միասին — Пойдём вместе	Մենք միասին ենք աշխատում — Мы работаем вместе
452	կամաց	slow	медленно; тихо	Կամաց խոսիր — Говори тише	Կամաց քայլիր — Иди медленно
453	ծաղիկ	flower	цветок	գեղեցիկ ծաղիկներ — красивые цветы	ծաղիկներ նվիրել — дарить цветы
454	ոսկի	gold	золото	մաքուր ոսկի — чистое золото	Ոսկին թանկացել է — Золото подорожало
455	շուտ	soon, quickly, early	скоро, быстро, рано	Շուտ արի — Приходи скорее	Առավոտյան շուտ արթնացա — Я проснулся рано утром
456	վաղը	tomorrow	завтра	Վաղը կհանդիպենք — Завтра встретимся	վաղը առավոտյան — завтра утром
457	դրամ	money	деньги; драм	Դրամ չունեմ — У меня нет денег	հազար դրամ — тысяча драмов
458	երեկո	evening	вечер	Բարի երեկո — Добрый вечер	Երեկոյան տանն ենք — Вечером мы дома
459	յոթ	seven	семь	յոթ օր — семь дней	Ժամը յոթն է — Сейчас семь часов
460	բա	well, what about	ну, а как же	Բա դո՞ւ — Ну а ты?	Բա ես ի՞նչ անեմ — А мне что делать?
461	ծով	sea	море	Ծովը հանգիստ է — Море спокойное	ծովի ափին — на берегу моря
462	լի	full , packed	полный	կյանքով լի — полный жизни	Դահլիճը լի էր մարդկանցով — Зал был полон людей
463	սուրճ	coffee	кофе	մի բաժակ սուրճ — чашка кофе	Սուրճ խմե՞նք — Выпьем кофе?
464	մայրենի	maternal	родной	մայրենի լեզու — родной язык	
465	քար	stone, rock	камень	մեծ քար — большой камень	
466	աստված	god	бог	Աստված իմ — Боже мой	Փառք Աստծո — Слава Богу
467	բարձրագույն	highest, supreme	высший	բարձրագույն կրթություն — высшее образование	բարձրագույն ուսումնական հաստատություն — высшее учебное заведение
468	հող	earth	земля, почва	բերրի հող — плодородная земля	հայրենի հող — родная земля
469	բավական	enough, sufficient	достаточно, довольно	Բավական է — Хватит	բավական մեծ — довольно большой
470	որդի	son	сын	Նա երկու որդի ունի — У него два сына	
471	հեռանալ	to go away	уходить, удаляться	Նա հեռացավ քաղաքից — Он уехал из города	Մի հեռացիր — Не уходи
472	կրկին	again	снова, опять	Կրկին հանդիպեցինք — Мы снова встретились	Փորձիր կրկին — Попробуй снова
473	սկսել	to start	начинать	Նա սկսեց աշխատել — Он начал работать	աշխատանքը սկսել — начать работу
474	թող	let (him/it/them); may	пусть	Թող գա — Пусть придёт	Թող այդպես լինի — Пусть будет так
475	ցանկանալ	to wish	желать, хотеть	Ի՞նչ եք ցանկանում — Что вы желаете?	Ցանկանում եմ ձեզ հաջողություն — Желаю вам успеха
476	գրականություն	literature	литература	հայ գրականություն — армянская литература	ժամանակակից գրականություն — современная литература
477	խնդրել	to request, to ask	просить	Խնդրում եմ, օգնիր ինձ — Пожалуйста, помоги мне	Ներողություն եմ խնդրում — Прошу прощения
478	բարով	with pleasure, with love, willingly	с добром, охотно	Բարով եկաք — Добро пожаловать	Բարով մաշես — Носи на здоровье
479	ուրեմն	so, then	значит, итак	Ուրեմն համաձայն ես — Значит, ты согласен	
480	ցավել	to ache, to hurt; (ցավում եմ) to be sorry	болеть; (ցավում եմ) сожалеть	Գլուխս ցավում է — У меня болит голова	Ցավում եմ — Сожалею
481	ծանր	heavy	тяжёлый	ծանր պայուսակ — тяжёлая сумка	ծանր աշխատանք — тяжёлая работа
482	քամի	wind	ветер	Այսօր քամի է — Сегодня ветрено	ցուրտ քամի — холодный ветер
483	ֆրանսիա	France	Франция	Նա ապրում է Ֆրանսիայում — Он живёт во Франции	
484	ելնել	to go out, to rise	выходить, подниматься	Նա տնից դուրս ելավ — Он вышел из дома	դրանից ելնելով — исходя из этого
485	մանուկ	baby, infant; child	ребёнок, младенец	Մանուկները խաղում են բակում — Дети играют во дворе	
486	ձայն	sound	звук; голос	Ի՞նչ ձայն է — Что за звук?	բարձր ձայնով — громким голосом
487	պակաս	incomplete; missing; insufficient	недостающий; меньше	Մի բան պակաս է — Чего-то не хватает	ոչ պակաս կարևոր — не менее важный
488	հանդիպում	meeting, encounter	встреча	կարևոր հանդիպում — важная встреча	Հանդիպումը ժամը հինգին է — Встреча в пять часов
489	հետևանք	consequence	последствие	ծանր հետևանքներ — тяжёлые последствия	
490	հասնել	to reach	достигать, доходить	Հասանք տուն — Мы добрались до дома	նպատակին հասնել — достичь цели
491	կենտրոն	center	центр	քաղաքի կենտրոն — центр города	Կենտրոնում եմ ապրում — Я живу в центре
492	գոյական	noun (grammatical term)	существительное	Գոյականը հոլովվում է — Существительное склоняется	հատուկ գոյական — имя собственное
493	միջին	middle	средний	միջին տարիքի մարդ — человек среднего возраста	միջին դպրոց — средняя школа
494	իշխան	prince, ruler, ishkhan	князь; ишхан	հայ իշխաններ — армянские князья	Սևանի իշխան — севанская форель (ишхан)
495	բաղաձայն	consonant	согласный	խուլ բաղաձայն — глухой согласный	ձայնեղ բաղաձայն — звонкий согласный
496	առանձնահատկություն	peculiarity, distinctive feature	особенность	լեզվի առանձնահատկությունները — особенности языка	
497	հանրակրթական	general-education, public-school	общеобразовательный	հանրակրթական դպրոց — общеобразовательная школа	
498	հնարավորություն	chance	возможность	լավ հնարավորություն — хорошая возможность	Հնարավորություն չկա — Нет возможности
499	ծեր	old	старый, пожилой	ծեր կին — старая женщина	Նա արդեն ծեր է — Он уже стар
500	թույլ	weak	слабый	թույլ առողջություն — слабое здоровье	Նա շատ թույլ է — Он очень слаб
501	ազգանուն	surname	фамилия	Ի՞նչ է ձեր ազգանունը — Как ваша фамилия?	
502	դասարան	classroom, schoolroom	класс (школьный)	Մեր դասարանը մեծ է — Наш класс большой	առաջին դասարանի աշակերտ — ученик первого класса
503	իհարկե	of course	конечно, разумеется	Իհարկե կգամ — Конечно, приду	Իհարկե ոչ — Конечно, нет
504	պարոն	mister, sir (պարոն Սարյան — Mr. Saryan)	господин	Բարև ձեզ, պարոն Սարյան — Здравствуйте, господин Сарян	
505	անշուշտ	certainly, undoubtedly	конечно, безусловно	Անշուշտ, դու ճիշտ ես — Безусловно, ты прав	
506	վեց	six	шесть	վեց ամիս — шесть месяцев	Ժամը վեցն է — Сейчас шесть часов
507	կարծիք	opinion	мнение	Իմ կարծիքով դա ճիշտ է — По-моему, это правильно	կարծիք հայտնել — высказать мнение
508	տարիք	age	возраст	Նա իմ տարիքի է — Он моего возраста	տարիքով մեծ — старше по возрасту
509	հյուր	guest, visitor	гость	Այսօր հյուրեր ունենք — Сегодня у нас гости	հյուր գնալ — идти в гости
510	երրորդ	thirdly	в-третьих; третий	Երրորդ՝ ժամանակ չկա — В-третьих, времени нет	երրորդ հարկում — на третьем этаже
511	ծնվել	to be born	родиться	Ես ծնվել եմ Երևանում — Я родился в Ереване	Ե՞րբ ես ծնվել — Когда ты родился?
512	նույնպես	also, too, as well	тоже, также	Ես նույնպես — Я тоже	Նա նույնպես եկավ — Он тоже пришёл
513	սև	black	чёрный	սև կատու — чёрная кошка	սև հաց — чёрный хлеб
514	հիշել	to remember; to recall	помнить; вспоминать	Ինձ հիշո՞ւմ ես — Ты меня помнишь?	Հանկարծ հիշեցի — Вдруг я вспомнил
515	ընտանիք	family	семья	մեծ ընտանիք — большая семья	ընտանիք կազմել — создать семью
516	շնորհիվ	thanks to, owing to, due to	благодаря	Քո շնորհիվ հաջողվեց — Благодаря тебе получилось	
517	վեպ	novel; romance	роман	պատմական վեպ — исторический роман	Նա վեպ է գրում — Он пишет роман
518	բայ	verb	глагол	Բայը խոնարհվում է — Глагол спрягается	օժանդակ բայ — вспомогательный глагол
519	հնարավոր	possible	возможный	Դա հնարավոր է — Это возможно	հնարավոր սխալներ — возможные ошибки
520	հաստատություն	institution, establishment	учреждение	պետական հաստատություն — государственное учреждение	ուսումնական հաստատություն — учебное заведение
521	արժեք	value, worth, cost, price	ценность, стоимость	Դա մեծ արժեք ունի — Это имеет большую ценность	ապրանքի արժեքը — стоимость товара
522	փոխառություն	loan	заимствование; заём	ռուսերենից փոխառություն — заимствование из русского	բանկից փոխառություն վերցնել — взять заём в банке
523	մակարդակ	level	уровень	բարձր մակարդակ — высокий уровень	ծովի մակարդակից բարձր — выше уровня моря
524	նյութ	matter, substance; material, stuff	вещество; материал	քիմիական նյութ — химическое вещество	շինարարական նյութեր — строительные материалы
525	ժարգոն	jargon	жаргон	երիտասարդական ժարգոն — молодёжный жаргон	
526	ֆրանսերեն	French	французский	Նա ֆրանսերեն է խոսում — Он говорит по-французски	ֆրանսերեն սովորել — учить французский
527	օդ	air	воздух	մաքուր օդ — чистый воздух	Օդը զով է — Воздух прохладный
528	հայացք	look, glance, gaze	взгляд	առաջին հայացքից — с первого взгляда	Նրա հայացքը տխուր էր — Его взгляд был грустным
529	ամեն ինչ	everything	всё	Ամեն ինչ լավ է — Всё хорошо	Ամեն ինչ պատրաստ է — Всё готово
530	ութ	eight	восемь	ութ ժամ — восемь часов	ութ տարեկան երեխա — восьмилетний ребёнок
531	պատրաստ	prepared, ready	готовый	Ես պատրաստ եմ — Я готов	Ճաշը պատրաստ է — Обед готов
532	ցավ	pain, ache	боль	սուր ցավ — острая боль	ատամի ցավ — зубная боль
533	օգնել	to help, to assist, to aid	помогать	Օգնիր ինձ — Помоги мне	Նա ինձ շատ օգնեց — Он мне очень помог
534	ռուսաստան	Russia	Россия	Նա ապրում է Ռուսաստանում — Он живёт в России	
535	ճանապարհ	road, path, way, route	дорога, путь	երկար ճանապարհ — долгая дорога	Բարի ճանապարհ — Счастливого пути
536	զարկել	to hit, to strike	ударить, бить	Սիրտն արագ էր զարկում — Сердце быстро билось	
537	ռուս	Russian	русский	Նա ռուս է — Он русский	ռուս գրականություն — русская литература
538	գառ	lamb	ягнёнок	Գառը արածում է — Ягнёнок пасётся	
539	սենյակ	room	комната	լուսավոր սենյակ — светлая комната	Իմ սենյակը մեծ է — Моя комната большая
540	ճանաչում	recognition	признание; узнавание	միջազգային ճանաչում — международное признание	Նա մեծ ճանաչում ձեռք բերեց — Он получил широкое признание
541	վաղուց	a long time ago, long ago	давно	Վաղուց իրար չենք տեսել — Мы давно не виделись	Դա վաղուց էր — Это было давно
542	երբեք	never	никогда	Ես դա երբեք չեմ մոռանա — Я этого никогда не забуду	
543	դար	century, 100 years	век	քսանմեկերորդ դար — двадцать первый век	անցյալ դարում — в прошлом веке
544	վազ	run, running	бег	Երեխաները վազ են տալիս — Дети бегают	
545	նպաստել	to contribute, to foster	способствовать, содействовать	Սպորտը նպաստում է առողջությանը — Спорт способствует здоровью	
546	կրակ	fire	огонь	Կրակ վառեցինք — Мы разожгли огонь	Կրակը մարեց — Огонь погас
547	ջան	exclamation of joy, pleasure	джан (обращение)	Արմեն ջան, ինչպե՞ս ես — Армен джан, как ты?	Մամա ջան — мама дорогая
548	սովորական	usual, ordinary	обычный	սովորական օր — обычный день	սովորական մարդիկ — обычные люди
549	նշանակություն	meaning, significance	значение	Դա մեծ նշանակություն ունի — Это имеет большое значение	բառի նշանակությունը — значение слова
550	այբուբեն	alphabet	алфавит	հայկական այբուբեն — армянский алфавит	Այբուբենն ունի 39 տառ — В алфавите 39 букв
551	պատասխան	answer	ответ	ճիշտ պատասխան — правильный ответ	Պատասխան չկա — Ответа нет
552	այցելել	to visit	посещать	Մենք այցելեցինք թանգարան — Мы посетили музей	հիվանդին այցելել — навестить больного
553	շուկա	market	рынок	Գնում եմ շուկա — Иду на рынок	Շուկայում միրգ շատ կա — На рынке много фруктов
554	տեսակ	variety, sort	вид, сорт	տարբեր տեսակի մրգեր — разные виды фруктов	հացի նոր տեսակ — новый сорт хлеба
555	գիտնական	scientist	учёный	հայտնի գիտնական — известный учёный	
556	վերջապես	finally	наконец	Վերջապես եկար — Наконец-то ты пришёл	
557	ուժեղ	strong	сильный	ուժեղ մարդ — сильный человек	ուժեղ ցավ — сильная боль
558	կանչել	to call	звать, вызывать	Մայրդ քեզ կանչում է — Мама тебя зовёт	շտապօգնություն կանչել — вызвать скорую помощь
559	հարևան	neighbor	сосед	Հարևանները աղմկում են — Соседи шумят	հարևան երկրներ — соседние страны
560	քսան	twenty	двадцать	քսան տարի — двадцать лет	Նա քսան տարեկան է — Ему двадцать лет
561	շնորհակալ	thankful	благодарный	Շնորհակալ եմ — Благодарю вас	Շատ շնորհակալ եմ — Большое спасибо
562	գինի	wine	вино	կարմիր գինի — красное вино	մի բաժակ գինի — бокал вина
563	ծանոթ	familiar, known	знакомый	ծանոթ դեմք — знакомое лицо	Մենք վաղուց ենք ծանոթ — Мы давно знакомы
564	դիմաց	opposite, facing, against	напротив	Նստիր իմ դիմաց — Сядь напротив меня	տան դիմաց — напротив дома
565	առատ	abundant, abounding, plentiful, copious	обильный, богатый	առատ բերք — обильный урожай	Սեղանն առատ էր — Стол был богатым
566	լեռ	mountain, mount	гора	բարձր լեռներ — высокие горы	Լեռներում ձյուն է — В горах снег
567	որոշել	to decide	решать	Ես որոշեցի մնալ — Я решил остаться	Ինքդ որոշիր — Решай сам
568	լվանալ	to wash	мыть	Լվա ձեռքերդ — Помой руки	ամանները լվանալ — мыть посуду
569	ական	sap, tunnel	подкоп; мина	Ճանապարհին ական կար — На дороге была мина	
570	բառարան	dictionary	словарь	հայերեն-ռուսերեն բառարան — армянско-русский словарь	Բառը փնտրիր բառարանում — Найди слово в словаре
571	տուր	give! (imp. of տալ)	дай!	Գիրքը տուր ինձ — Дай мне книгу	Ձեռքդ տուր — Дай руку
572	տեր	lord, owner; Mr.	господин, владелец	տան տերը — хозяин дома	Խոսքիդ տեր կանգնիր — Отвечай за своё слово
573	քաշել	to pull, to drag	тянуть, тащить	Դուռը քաշիր — Потяни дверь	Ծխախոտ է քաշում — Он курит
574	առավոտ	morning	утро	վաղ առավոտից — с раннего утра	Առավոտը զով էր — Утро было прохладным
575	անկյուն	angle	угол	փողոցի անկյունում — на углу улицы	ուղիղ անկյուն — прямой угол
576	իբրև	as, like, in quality of	как, в качестве	իբրև նվեր — в качестве подарка	Աշխատում է իբրև ուսուցիչ — Работает учителем
577	ամիս	month	месяц	անցյալ ամիս — в прошлом месяце	Երեք ամիս անց — Через три месяца
578	զգալ	to feel, to sense	чувствовать	Ես ինձ լավ եմ զգում — Я чувствую себя хорошо	Հոգնածություն եմ զգում — Чувствую усталость
579	ետ	back, backward	назад	Ետ նայեց — Он оглянулся назад	Գիրքը ետ տուր — Верни книгу
580	ման	spinning	хождение, кружение	Այգում ման էինք գալիս — Мы гуляли в парке	Քեզ էի ման գալիս — Я тебя искал
581	միմյանց	each other, one another	друг друга	Նրանք սիրում են միմյանց — Они любят друг друга	միմյանց հետ — друг с другом
582	ինքը	he/she (emphatic)	он/она (сам)	Ինքը գիտի — Он сам знает	Ինքն էլ չգիտի — Он и сам не знает
583	ծագում	origin	происхождение	բառի ծագումը — происхождение слова	Նա հայկական ծագում ունի — У него армянское происхождение
584	ներկայացնել	to present, introduce	представить, представлять	Թույլ տվեք ներկայացնել — Разрешите представить	նոր ծրագիր ներկայացնել — представить новую программу
585	միջազգային	international	международный	միջազգային կոնֆերանս — международная конференция	միջազգային հարաբերություններ — международные отношения
586	հանգամանք	circumstance	обстоятельство	Այս հանգամանքը կարևոր է — Это обстоятельство важно	հանգամանքները պարզել — выяснить обстоятельства
587	համապատասխան	appropriate, proper	соответствующий	համապատասխան որոշում — соответствующее решение	
588	միաժամանակ	at the same time	одновременно	Նրանք միաժամանակ խոսում են — Они говорят одновременно	
589	անհատ	individual	личность, индивид	յուրաքանչյուր անհատ — каждый индивид	
590	դարձված	idiom	оборот (речи)	դերբայական դարձված — причастный оборот	
591	կիրառում	application, use	применение, использование	գործնական կիրառում — практическое применение	Բառը լայն կիրառում ունի — Слово широко употребляется
592	գերմաներեն	German	немецкий	Նա գերմաներեն է սովորում — Он учит немецкий	գերմաներեն խոսել — говорить по-немецки
593	հայրենիք	fatherland	родина	հայրենիքը պաշտպանել — защищать родину	պատմական հայրենիք — историческая родина
594	խորհուրդ	advice	совет	Նա ինձ լավ խորհուրդ տվեց — Он дал мне хороший совет	Խորհուրդ եմ տալիս հանգստանալ — Советую отдохнуть
595	թռչուն	bird	птица	Թռչունները երգում են — Птицы поют	չվող թռչուններ — перелётные птицы
596	փիղ	elephant	слон	Կենդանաբանական այգում փիղ տեսանք — В зоопарке мы видели слона	
597	գրեթե	almost	почти	Գրեթե ամեն օր — Почти каждый день	Գրեթե պատրաստ է — Почти готово
598	տնօրեն	director	директор	դպրոցի տնօրեն — директор школы	Տնօրենը զբաղված է — Директор занят
599	քայլել	to walk	ходить, шагать	Նա արագ է քայլում — Он быстро ходит	Սիրում եմ քայլել — Люблю ходить пешком
600	բնություն	nature	природа	գեղեցիկ բնություն — красивая природа	բնության գրկում — на лоне природы
601	տասներկու	twelve	двенадцать	Ժամը տասներկուսն է — Сейчас двенадцать часов	Նա տասներկու տարեկան է — Ему двенадцать лет
602	շնորհակալություն	gratefulness, thankfulness	благодарность	Շնորհակալություն օգնության համար — Спасибо за помощь	Մեծ շնորհակալություն բոլորին — Большое спасибо всем
603	պար	dance	танец	Հայկական պարերը գեղեցիկ են — Армянские танцы красивые	Ազգային պար են պարում — Танцуют национальный танец
604	պատ	wall	стена	Պատերը սպիտակ ներկեցինք — Мы покрасили стены в белый цвет	Նկարը կախված է պատից — Картина висит на стене
605	ինչքան	how much	сколько	Ինչքա՞ն արժե սա — Сколько это стоит?	Վերցրու ինչքան ուզում ես — Бери сколько хочешь
606	արյուն	blood	кровь	Արյան ճնշումը բարձր է — Кровяное давление высокое	Մատից արյուն է գալիս — Из пальца идёт кровь
607	աստիճան	degree	степень; градус	Այսօր քսան աստիճան տաք է — Сегодня двадцать градусов тепла	Որոշ աստիճանով նա իրավացի է — В некоторой степени он прав
608	կաթ	milk	молоко	Ես կաթ եմ խմում — Я пью молоко	Կաթը եռացրու — Вскипяти молоко
609	ուրախություն	joy	радость	Աչքերում ուրախություն կար — В глазах была радость	Ուրախությունից թռչկոտում էր — Он прыгал от радости
610	անուշ	sweet	сладкий; милый	Անուշ լինի — На здоровье	Անուշ ձայն ունի — У неё милый голос
611	ձի	horse	лошадь	Նա ձի է հեծնում — Он ездит верхом на лошади	Ձիերը արածում են դաշտում — Лошади пасутся в поле
612	տար	take (it) away! (imper. of տանել); would give (subj. of տալ)	отнеси, унеси (императив)	Սա տար տուն — Отнеси это домой	Ջուրը տար — Отнеси воду
613	կառուցվել	to be built	строиться	Նոր շենք է կառուցվում — Строится новое здание	Կամուրջը կառուցվել է անցյալ տարի — Мост построили в прошлом году
614	մեռնել	to die	умирать	Պապը վաղուց մեռել է — Дед давно умер	Սովից մեռնում եմ — Умираю с голоду
615	եկեղեցի	church	церковь	Կիրակի օրը եկեղեցի ենք գնում — По воскресеньям мы ходим в церковь	Գյուղում հին եկեղեցի կա — В деревне есть старая церковь
616	աղբյուր	spring, fountain, source of water	родник, источник	Սարի աղբյուրից ջուր խմեցինք — Мы попили воды из горного родника	Աղբյուրի ջուրը սառն է — Родниковая вода холодная
617	մշակույթ	culture	культура	Հայկական մշակույթը հարուստ է — Армянская культура богатая	Խոսքի մշակույթը կարևոր է — Культура речи важна
618	հաղորդում	announcement, communication, statement	сообщение; передача	Պաշտոնական հաղորդում տարածվեց — Распространили официальное сообщение	Երեկոյան հաղորդում եմ դիտում — Смотрю вечернюю передачу
619	անկում	fall, tumble, collapse, drop	падение; спад	Գների անկում սկսվեց — Началось падение цен	Տնտեսական անկում է — Экономический спад
620	ոլորտ	sphere, realm	сфера, область	Կրթության ոլորտում է աշխատում — Он работает в сфере образования	Այդ ոլորտում փորձ ունի — У него опыт в этой области
621	միջնակարգ	secondary (school)	средний (о школе)	Միջնակարգ դպրոցն ավարտեց — Он окончил среднюю школу	Միջնակարգ կրթություն ունի — У него среднее образование
622	հանրույթ	community	сообщество	Լեզվական հանրույթի անդամները — Члены языкового сообщества	
623	երանգավորել	to tint, shade, give a tone	оттенять, придавать оттенок	Հույզերը երանգավորում են խոսքը — Эмоции придают оттенок речи	
624	միլիոն	million	миллион	Քաղաքն ունի մեկ միլիոն բնակիչ — В городе миллион жителей	Միլիոններ է վաստակում — Он зарабатывает миллионы
625	շենք	building	здание	Մեր շենքը հինգհարկանի է — Наше здание пятиэтажное	Բարձր շենքեր են կառուցում — Строят высокие здания
626	կարողանալ	to be able	мочь, уметь	Չեմ կարողանում քնել — Не могу уснуть	Նա կարողանում է լողալ — Он умеет плавать
627	արագիլ	stork	аист	Արագիլը բույն է հյուսում տանիքին — Аист вьёт гнездо на крыше	
628	գյուղացի	peasant	крестьянин	Գյուղացիները դաշտում են աշխատում — Крестьяне работают в поле	
629	դասախոս	professor, lecturer	преподаватель, лектор	Համալսարանի դասախոս է — Он преподаватель университета	Դասախոսը հետաքրքիր էր պատմում — Лектор интересно рассказывал
630	աշուն	autumn	осень	Աշունն իմ սիրելի եղանակն է — Осень моё любимое время года	Աշնանը անձրևները սկսվում են — Осенью начинаются дожди
631	թափել	to pour	лить, сыпать	Ջուրը հատակին մի թափիր — Не лей воду на пол	Արցունք է թափում — Льёт слёзы
632	սիրուն	pretty	красивый	Ինչ սիրուն աղջիկ է — Какая красивая девушка	Ինչ սիրուն է այստեղ — Как здесь красиво
633	բացել	to open	открывать	Բացիր պատուհանը — Открой окно	Նոր խանութ են բացել — Открыли новый магазин
634	քեռի	uncle	дядя	Քեռիս հյուր եկավ — Мой дядя пришёл в гости	Քեռուս մոտ ենք գնում — Мы идём к дяде
635	խաղ	game, play	игра	Հետաքրքիր խաղ գիտեմ — Я знаю интересную игру	Խաղը սկսվեց — Игра началась
636	գին	price; cost	цена	Գները նորից բարձրացան — Цены снова выросли	Ամեն գնով կհասնեմ նպատակիս — Любой ценой добьюсь своей цели
637	հունաստան	Greece	Греция	Ամռանը Հունաստան ենք գնում — Летом мы едем в Грецию	
638	բանալ	to open	открывать	Դուռը բանեց ու ներս մտավ — Он открыл дверь и вошёл	
639	շուրջ	around (սեղանի շուրջ — around the table)	вокруг	Սեղանի շուրջ նստած ենք — Мы сидим вокруг стола	Շուրջ հարյուր մարդ եկավ — Пришло около ста человек
640	իրենք	they (themselves)	они (сами)	Իրենք էլ չգիտեն — Они и сами не знают	Իրենք են որոշել — Они сами решили
641	ընկերություն	friendship; company, firm	дружба; компания, фирма	Մեր ընկերությունը ամուր է — Наша дружба крепкая	Նոր ընկերությունում է աշխատում — Он работает в новой компании
642	պապ	grandfather	дедушка	Պապս գյուղում է ապրում — Мой дедушка живёт в деревне	Պապն ու տատը եկան — Дедушка с бабушкой пришли
643	լիճ	lake	озеро	Սևանա լիճը շատ գեղեցիկ է — Озеро Севан очень красивое	Լճի ափին ենք հանգստանում — Мы отдыхаем на берегу озера
644	հետևել	to follow	следовать; следить	Հետևիր ինձ — Следуй за мной	Նորություններին եմ հետևում — Я слежу за новостями
645	որպեսզի	in order to	чтобы	Շտապում եմ, որպեսզի չուշանամ — Спешу, чтобы не опоздать	Բարձր խոսիր, որպեսզի լսեն — Говори громко, чтобы слышали
646	նախագահ	president	президент	Երկրի նախագահը ելույթ ունեցավ — Президент страны выступил	Նախագահի ընտրություններ են — Идут выборы президента
647	բացի	besides, except, apart from	кроме	Բոլորը եկան, բացի նրանից — Все пришли, кроме него	Բացի այդ, ժամանակ չկա — Кроме того, нет времени
648	երկինք	sky	небо	Երկինքը պարզ է — Небо ясное	Թռչունները երկնքում ճախրում են — Птицы парят в небе
649	դեռևս	yet	всё ещё, пока	Նա դեռևս չի եկել — Он всё ещё не пришёл	Դեռևս պարզ չէ — Пока неясно
650	հազիվ	barely, scarcely, just	едва, еле	Հազիվ հասա գնացքին — Я едва успел на поезд	Հազիվ եմ քայլում — Еле хожу
651	սեփական	own, one's own; private	собственный; частный	Սեփական տուն ունեն — У них собственный дом	Սեփական փորձից գիտեմ — Знаю по собственному опыту
652	հետևաբար	consequently, therefore, hence	следовательно, значит	Անձրև է գալիս, հետևաբար տանը կմնանք — Идёт дождь, значит останемся дома	
653	ներքին	inside, interior, inner, internal	внутренний	Երկրի ներքին գործերը — Внутренние дела страны	Ներքին գրպանում է — Во внутреннем кармане
654	խիստ	strict, severe, stringent, austere, stern	строгий, суровый	Մեր ուսուցիչը խիստ է — Наш учитель строгий	Խիստ կարգապահություն է պահանջում — Он требует строгой дисциплины
655	էն	that (colloq dialectal of այն)	то (разг.)	Էն գիրքը տուր — Дай ту книгу	Էն ժամանակ ամեն ինչ ուրիշ էր — В то время всё было иначе
656	համակարգ	system	система	Կրթական համակարգը փոխվում է — Система образования меняется	Համակարգը լավ է աշխատում — Система работает хорошо
657	հասկացություն	concept, notion	понятие	Դա նոր հասկացություն է — Это новое понятие	Քերականական հասկացություններ ենք սովորում — Учим грамматические понятия
658	շարահյուսական	syntactic	синтаксический	Շարահյուսական վերլուծություն ենք անում — Делаем синтаксический разбор	
659	մեթոդ	method, procedure, means	метод, способ	Նոր մեթոդ են կիրառում — Применяют новый метод	Այս մեթոդը արդյունավետ է — Этот метод эффективный
660	գործառական	functional	функциональный	Գործառական ոճերը տարբեր են — Функциональные стили различаются	
661	մեջք	back	спина	Մեջքս ցավում է — У меня болит спина	Մեջքի վրա պառկիր — Ляг на спину
662	գործողություն	action	действие	Վճռական գործողություններ են պետք — Нужны решительные действия	Գործողությունը կատարվում է գյուղում — Действие происходит в деревне
663	փնտրել	to look for, to search	искать	Բանալիներս եմ փնտրում — Ищу свои ключи	Աշխատանք է փնտրում — Он ищет работу
664	անծանոթ	unfamiliar; stranger	незнакомый; незнакомец	Անծանոթ մարդ մոտեցավ — Подошёл незнакомый человек	Այս վայրերն ինձ անծանոթ են — Эти места мне незнакомы
665	բացվել	to open up	открываться	Դուռը դանդաղ բացվեց — Дверь медленно открылась	Ծաղիկները գարնանը բացվում են — Цветы распускаются весной
666	սիրելի	dear, beloved	дорогой, любимый	Սիրելի ընկերներ, բարի գալուստ — Дорогие друзья, добро пожаловать	Իմ սիրելի գիրքն է — Это моя любимая книга
667	հասցե	address	адрес	Հասցեդ գրիր այստեղ — Напиши здесь свой адрес	Հասցեն փոխվել է — Адрес изменился
668	ախորժակ	appetite	аппетит	Բարի ախորժակ — Приятного аппетита	Ախորժակ չունեմ — У меня нет аппетита
669	թերթ	newspaper; sheet, petal	газета; лист, лепесток	Առավոտյան թերթ եմ կարդում — Утром я читаю газету	Վարդի թերթերը թափվում են — Лепестки розы опадают
670	կրկնել	to repeat	повторять	Կրկնիր, խնդրում եմ — Повтори, пожалуйста	Դասը կրկնում ենք քննությունից առաջ — Повторяем урок перед экзаменом
671	փոր	belly, abdomen	живот	Փորս ցավում է — У меня болит живот	
672	սկսվել	to begin, start (intr.)	начинаться	Դասը սկսվում է ժամը իննին — Урок начинается в девять	Անձրև սկսվեց — Начался дождь
673	արտաքին	outward, external, outer	внешний, наружный	Արտաքին տեսքը կարևոր է — Внешний вид важен	Արտաքին գործերի նախարար — Министр иностранных дел
674	իսկապես	really, indeed	действительно, правда	Իսկապե՞ս ուզում ես գնալ — Ты действительно хочешь уйти?	Ֆիլմն իսկապես լավն էր — Фильм действительно был хороший
675	ծրագիր	program, plan, project	программа, план	Օրվա ծրագիրը պատրաստ է — Программа дня готова	Ծրագրերս փոխվեցին — Мои планы изменились
676	նախընտրել	to prefer, to give preference to, to favor	предпочитать	Թեյ եմ նախընտրում — Я предпочитаю чай	Նախընտրում է տանը մնալ — Он предпочитает остаться дома
677	աղբ	garbage, trash, rubbish	мусор	Աղբը դուրս հանիր — Вынеси мусор	Աղբը աղբամանը գցիր — Брось мусор в урну
678	ծնունդ	birth	рождение	Ծնունդդ շնորհավոր — С днём рождения	Երեխայի ծնունդը մեծ ուրախություն է — Рождение ребёнка – большая радость
679	որդ	worm	червь, червяк	Խնձորի մեջ որդ կա — В яблоке червяк	
680	այգի	garden, orchard; vineyard	сад; виноградник	Այգում ծառեր ենք տնկել — Мы посадили деревья в саду	Խաղողի այգի ունեն գյուղում — У них виноградник в деревне
681	հույս	hope	надежда	Հույս ունեմ, որ կգաս — Надеюсь, что ты придёшь	Հույսս կտրել եմ — Я потерял надежду
682	մահ	death	смерть	Նա մահից չի վախենում — Он не боится смерти	
683	աղքատ	poor, indigent	бедный	Աղքատ ընտանիքում է մեծացել — Он вырос в бедной семье	
684	էշ	donkey, ass	осёл	Էշը ծանր բեռ է տանում — Осёл везёт тяжёлый груз	
685	մատ	finger; toe	палец	Մատս կտրեցի — Я порезал палец	Մատով ցույց մի տուր — Не показывай пальцем
686	երևում	(երևում է) apparently, evidently; converb of երևալ	(երևում է) видно, по-видимому	Երևում է, որ հոգնել ես — Видно, что ты устал	Հեռվից սարերը երևում են — Издалека видны горы
687	ճակատ	forehead	лоб	Ճակատս տաք է — У меня горячий лоб	Ճակատին համբուրեց — Он поцеловал её в лоб
688	առջև	before, in front of in space	перед, впереди	Տան առջև ծառ է աճում — Перед домом растёт дерево	Մեր առջև կարևոր խնդիր կա — Перед нами важная задача
689	սրանք	these	эти	Սրանք իմ գրքերն են — Это мои книги	Սրանք ովքե՞ր են — Кто эти люди?
690	այդպիսի	such; such a; of that kind; like that	такой	Այդպիսի բան չեմ լսել — Такого я не слышал	Այդպիսի մարդիկ քիչ են — Таких людей мало
691	իմաստուն	wise	мудрый	Իմաստուն խորհուրդ տվեց — Он дал мудрый совет	Իմաստուն խոսքեր ասաց — Он сказал мудрые слова
692	մինչդեռ	whereas, while	тогда как, в то время как	Ես գնացի, մինչդեռ նա մնաց — Я ушёл, тогда как он остался	
693	ոնց	how	как (разг.)	Ո՞նց ես — Как ты?	Ոնց ուզում ես, արա — Делай как хочешь
694	բախտ	luck, fortune	удача; судьба	Բախտս բերեց — Мне повезло	Բախտ չունեմ — Мне не везёт
695	որոշում	decision	решение	Ճիշտ որոշում ընդունեցիր — Ты принял правильное решение	Որոշումը դեռ չկա — Решения пока нет
696	թիթեռնիկ	little butterfly	бабочка (уменьш.)	Թիթեռնիկը ծաղկից ծաղիկ է թռչում — Бабочка перелетает с цветка на цветок	
697	քաղաքական	political	политический	Քաղաքական իրավիճակը լարված է — Политическая ситуация напряжённая	Քաղաքական գործիչ է — Он политический деятель
698	հոգ	care	забота	Ծնողների մասին հոգ է տանում — Он заботится о родителях	Հոգ չէ, կստացվի — Не беда, получится
699	տարածել	to spread ; to stretch, to extend	распространять; расстилать	Լուրը արագ տարածեցին — Новость быстро распространили	Թռչունը թևերը տարածեց — Птица раскинула крылья
700	իսկական	real, true, genuine, authentic	настоящий, подлинный	Նա իսկական ընկեր է — Он настоящий друг	Իսկական կաշվից է — Это из натуральной кожи
701	շերտ	slice; stripe, strip, streak	ломтик; полоса	Պանիրը բարակ շերտերով կտրիր — Нарежь сыр тонкими ломтиками	Ճանապարհին սպիտակ շերտեր կան — На дороге белые полосы
702	ուղղություն	direction; course	направление	Ո՞ր ուղղությամբ գնանք — В каком направлении пойдём?	Քամին ուղղությունը փոխեց — Ветер изменил направление
703	դրական	positive	положительный	Դրական պատասխան ստացանք — Мы получили положительный ответ	Գնահատականը դրական է — Оценка положительная
704	կապակցություն	connectedness, coherence	связность, связь	Տեքստի կապակցությունը կարևոր է — Связность текста важна	Այս կապակցությամբ հարց ունեմ — В этой связи у меня вопрос
705	ազդեցություն	effect	влияние, воздействие	Մեծ ազդեցություն ունի — Он имеет большое влияние	Եղանակի ազդեցությունը զգացվում է — Влияние погоды ощущается
706	պաշտոնական	official	официальный	Պաշտոնական հայտարարություն արվեց — Сделано официальное заявление	Պաշտոնական այցով է եկել — Он прибыл с официальным визитом
707	բնակչություն	population	население	Քաղաքի բնակչությունը աճում է — Население города растёт	Բնակչության թիվը նվազում է — Численность населения уменьшается
708	դերանուն	pronoun	местоимение	Անձնական դերանունները սովորեցինք — Мы выучили личные местоимения	
709	բնակիչ	inhabitant	житель	Երևանի բնակիչ եմ — Я житель Еревана	Շենքի բնակիչները հավաքվեցին — Жители дома собрались
710	ընդունել	to adopt	принимать	Հյուրերին ջերմ ընդունեցին — Гостей тепло приняли	Առաջարկը ընդունեցինք — Мы приняли предложение
711	ցուրտ	cold	холод; холодный	Դրսում ցուրտ է — На улице холодно	Ցրտից դողում եմ — Дрожу от холода
712	բարեկամ	relative; friend	родственник; друг	Նա մեր հեռավոր բարեկամն է — Он наш дальний родственник	Հին բարեկամներ ենք — Мы старые друзья
713	փակել	to close	закрывать	Դուռը փակիր — Закрой дверь	Խանութը շուտ փակեցին — Магазин закрыли рано
714	հաճելի	pleasant	приятный	Հաճելի երեկո էր — Был приятный вечер	Շատ հաճելի է — Очень приятно
715	փախչել	to escape, to flee	убегать, сбегать	Գողը փախավ — Вор убежал	Շնից փախչում է — Он убегает от собаки
716	մեքենա	automobile	машина, автомобиль	Նոր մեքենա է գնել — Он купил новую машину	Մեքենան բակում կայանեցի — Я припарковал машину во дворе
717	աթոռ	chair	стул	Նստիր աթոռին — Сядь на стул	Աթոռը բեր այստեղ — Принеси сюда стул
718	համեցեք	come!	пожалуйте, проходите	Համեցեք ներս — Проходите, пожалуйста	Համեցեք սեղան — Прошу к столу
719	ինքն	he/she himself	он/она сам(а)	Ինքն էլ չգիտի — Он и сам не знает	Ինքն է ասել — Он сам сказал
720	բնակարան	flat, apartment	квартира	Երեք սենյականոց բնակարան ունեն — У них трёхкомнатная квартира	Բնակարան են վարձել — Они сняли квартиру
721	գլխարկ	hat	шапка, шляпа	Գլխարկդ դիր, ցուրտ է — Надень шапку, холодно	
722	ուղիղ	straight, direct	прямой; прямо	Ուղիղ գնա, հետո թեքվիր — Иди прямо, потом поверни	Ուղիղ եթերում է — Он в прямом эфире
723	սպիտակ	white	белый	Սպիտակ վերնաշապիկ է հագել — Он в белой рубашке	Ձյունից ամեն ինչ սպիտակ է — От снега всё белое
724	կոկորդ	throat	горло	Կոկորդս ցավում է — У меня болит горло	
725	ճաշակ	taste	вкус	Նա լավ ճաշակ ունի — У него хороший вкус	Ճաշակի հարց է — Это дело вкуса
726	կարծես	as if, seemingly	как будто, кажется	Կարծես անձրև է գալու — Кажется, будет дождь	Կարծես ոչինչ չի եղել — Как будто ничего не было
727	հաջորդ	next, following, subsequent	следующий	Հաջորդ կանգառում իջնում եմ — Выхожу на следующей остановке	Հաջորդ անգամ կգամ — Приду в следующий раз
728	եվրոպա	Europe	Европа	Եվրոպա են մեկնել — Они уехали в Европу	
729	չինարեն	Chinese	китайский язык	Նա չինարեն է սովորում — Он учит китайский	Չինարեն խոսո՞ւմ ես — Ты говоришь по-китайски?
730	ինը	nine	девять	Ժամը ինն է — Сейчас девять часов	Ինը տարեկան է — Ему девять лет
731	թոռ	grandchild; grandson; granddaughter	внук; внучка	Տատիկը թոռների հետ է — Бабушка с внуками	Հինգ թոռ ունի — У него пять внуков
732	հոր	father’s	отца (род. п.)	Հոր անունը Արամ է — Отца зовут Арам	Հոր տունը մեծ է — Дом отца большой
733	եղավ	all right, OK	ладно, хорошо	Եղավ, վաղը կհանդիպենք — Ладно, завтра встретимся	Դե եղավ, գնացինք — Ну ладно, пошли
734	համեղ	delicious, tasty	вкусный	Ճաշը շատ համեղ էր — Обед был очень вкусный	Ինչ համեղ հոտ է գալիս — Как вкусно пахнет
735	լաց	crying, weeping	плач	Երեխայի լացը լսվեց — Послышался плач ребёнка	Լաց մի եղիր — Не плачь
736	կամք	will	воля	Նա ուժեղ կամք ունի — У него сильная воля	Կամքի ուժ է պետք — Нужна сила воли
737	ուշադրություն	attention	внимание	Ուշադրություն դարձրու սրան — Обрати на это внимание	Ուշադրության կենտրոնում է — Он в центре внимания
738	լուր	news; report; information; tidings	новость, весть	Լավ լուր ունեմ — У меня хорошая новость	Լուրերն ենք դիտում — Смотрим новости
739	չնայած	in spite of, despite, notwithstanding	несмотря на; хотя	Չնայած անձրևին, դուրս եկանք — Несмотря на дождь, мы вышли	Չնայած ուշ էր, եկավ — Хотя было поздно, он пришёл
740	հաջողություն	good luck	удача, успех	Հաջողություն եմ ցանկանում — Желаю удачи	Մեծ հաջողության հասավ — Он добился большого успеха
741	կանոն	rule, regulation, canon	правило	Կանոնները պետք է պահպանել — Правила нужно соблюдать	Խաղի կանոնները գիտեմ — Я знаю правила игры
742	հանրապետություն	republic	республика	Հայաստանի Հանրապետությունում ենք ապրում — Мы живём в Республике Армения	Հանրապետության հրապարակում ենք — Мы на площади Республики
743	կարիք	necessity, need, want	нужда, потребность	Օգնության կարիք ունեմ — Мне нужна помощь	Դրա կարիքը չկա — В этом нет необходимости
744	տպավորություն	impression, effect	впечатление	Լավ տպավորություն թողեց — Он произвёл хорошее впечатление	Առաջին տպավորությունը կարևոր է — Первое впечатление важно
745	միևնույն	the very same	тот же самый	Միևնույն սխալը կրկնում ես — Ты повторяешь ту же ошибку	Ինձ համար միևնույն է — Мне всё равно
746	մասամբ	partly, in part, partially	частично, отчасти	Դու մասամբ իրավացի ես — Ты отчасти прав	Աշխատանքը մասամբ արված է — Работа частично сделана
747	մշակութային	cultural	культурный	Մշակութային միջոցառում է լինելու — Будет культурное мероприятие	Մշակութային ժառանգությունը պահպանում ենք — Сохраняем культурное наследие
748	հայտնել	to make public, known	сообщать, объявлять	Որոշումը երեկ հայտնեցին — Решение сообщили вчера	Կարծիքս հայտնեցի — Я высказал своё мнение
749	հետազոտություն	research, study	исследование	Գիտական հետազոտություն են անցկացնում — Проводят научное исследование	Հետազոտության արդյունքները հրապարակվեցին — Результаты исследования опубликовали
750	հարկ	floor, storey	этаж	Երրորդ հարկում ենք ապրում — Мы живём на третьем этаже	Շենքը ինը հարկ ունի — В здании девять этажей
751	գործունեություն	activity	деятельность	Գիտական գործունեությամբ է զբաղվում — Он занимается научной деятельностью	
752	էություն	essence; nature ; gist	сущность, суть	Հարցի էությունը սա է — В этом суть вопроса	Մարդու էությունը չի փոխվում — Сущность человека не меняется
753	ածական	adjective, adjectival	прилагательное	Ածականը հատկանիշ է ցույց տալիս — Прилагательное обозначает признак	
754	բացասական	negative	отрицательный	Բացասական պատասխան ստացավ — Он получил отрицательный ответ	Բացասական կողմեր էլ կան — Есть и отрицательные стороны
755	իրադրություն	situation	ситуация, обстановка	Իրադրությունը լարված է — Обстановка напряжённая	Իրադրությունը փոխվեց — Ситуация изменилась
756	անհատական	personal	индивидуальный, личный	Անհատական մոտեցում է պետք — Нужен индивидуальный подход	Անհատական պարապմունքներ է վերցնում — Он берёт индивидуальные занятия
757	արտահայտչական	expressive	выразительный	Լեզվի արտահայտչական միջոցները — Выразительные средства языка	
758	բաղադրիչ	constituent	компонент, составляющая	Հիմնական բաղադրիչը ջուրն է — Основным компонентом является вода	Բառի բաղադրիչ մասերը — Составные части слова
759	հուզական	emotional	эмоциональный	Շատ հուզական մարդ է — Он очень эмоциональный человек	Խոսքը հուզական երանգ ունի — Речь имеет эмоциональную окраску
760	հնդեվրոպական	Indo-European	индоевропейский	Հայերենը հնդեվրոպական լեզու է — Армянский язык относится к индоевропейским	
761	ուսուցչուհի	teacher (female)	учительница	Մեր ուսուցչուհին շատ բարի է — Наша учительница очень добрая	
762	ամերիկա	America	Америка	Նրանք Ամերիկա են տեղափոխվել — Они переехали в Америку	
763	կանգնած	standing	стоящий, стоя	Դռան մոտ կանգնած է — Он стоит у двери	Հերթում կանգնած ենք — Мы стоим в очереди
764	շինել	to build	строить	Գյուղում տուն են շինում — В деревне строят дом	Նոր ճանապարհ շինեցին — Построили новую дорогу
765	աշխատասեր	industrious	трудолюбивый	Շատ աշխատասեր աղջիկ է — Она очень трудолюбивая девушка	
766	օգնական	assistant	помощник	Տնօրենի օգնականն է — Он помощник директора	Օգնական եմ փնտրում — Ищу помощника
767	կենալ	to stand, be standing	стоять	Կաց, մի գնա — Стой, не уходи	
768	դրսևորվել	to reveal himself	проявляться	Տաղանդը վաղ դրսևորվեց — Талант проявился рано	Բնավորությունը գործերում է դրսևորվում — Характер проявляется в делах
769	միթե	really?, is it so? (interrogative particle)	разве, неужели	Մի՞թե չգիտեիր — Разве ты не знал?	Մի՞թե դա հնարավոր է — Неужели это возможно?
770	թութակ	parrot	попугай	Թութակը խոսել գիտի — Попугай умеет говорить	
771	հեռախոս	telephone, phone	телефон	Հեռախոսս տանը եմ մոռացել — Я забыл телефон дома	Հեռախոսով է խոսում — Он говорит по телефону
772	երեսուն	thirty	тридцать	Նա երեսուն տարեկան է — Ему тридцать лет	Երեսուն րոպե սպասեցի — Я ждал тридцать минут
773	մայրիկ	mom, mommy	мама, мамочка	Մայրիկս ճաշ է պատրաստում — Мама готовит обед	Մայրիկ, որտե՞ղ ես — Мама, ты где?
774	պատրաստել	to prepare	готовить	Ընթրիք եմ պատրաստում — Готовлю ужин	Դասերս եմ պատրաստում — Готовлю уроки
775	ձախ	left; left-hand	левый	Ձախ ձեռքով է գրում — Он пишет левой рукой	Խանութը ձախ կողմում է — Магазин с левой стороны
776	գուցե	maybe, perhaps	может быть, возможно	Գուցե վաղը գամ — Может быть, приду завтра	Գուցե ճիշտ ես — Возможно, ты прав
777	պատուհան	window	окно	Պատուհանը բաց է — Окно открыто	Պատուհանից փողոցն է երևում — Из окна видна улица
778	այդքան	that much	столько, настолько	Այդքան մի շտապիր — Не спеши так	Այդքան ժամանակ որտե՞ղ էիր — Где ты был столько времени?
779	երաժշտություն	music	музыка	Երաժշտություն եմ լսում — Слушаю музыку	Երաժշտությամբ է զբաղվում — Он занимается музыкой
780	բեր	bring! (imp. of բերել)	принеси!	Մի բաժակ ջուր բեր — Принеси стакан воды	Բեր այստեղ — Неси сюда
781	կինո	cinema, the movies; film	кино, кинотеатр	Այսօր կինո ենք գնում — Сегодня мы идём в кино	Հետաքրքիր կինո եմ դիտել — Я посмотрел интересный фильм
782	գերմանիա	Germany	Германия	Նա Գերմանիայում է սովորում — Он учится в Германии	
783	գերմանական	German	немецкий	Գերմանական մեքենաները որակյալ են — Немецкие машины качественные	
784	ուշ	late	поздно; поздний	Արդեն ուշ է, գնանք — Уже поздно, пойдём	Երեկ ուշ քնեցի — Вчера я поздно лёг
785	ափ	coast, bank, shore	берег	Ծովի ափին ենք հանգստանում — Отдыхаем на берегу моря	Գետի ափով քայլեցինք — Мы шли по берегу реки
786	ծնող	parent	родитель	Ծնողներս գյուղում են ապրում — Мои родители живут в деревне	Ծնողների ժողով է այսօր — Сегодня собрание родителей
787	բարդ	complicated, complex, difficult	сложный	Բարդ հարց է — Это сложный вопрос	Իրավիճակը բարդ է — Ситуация сложная
788	ծիծաղել	to laugh	смеяться	Երեխաները ուրախ ծիծաղում են — Дети весело смеются	Ինչո՞ւ ես ծիծաղում — Почему ты смеёшься?
789	տխուր	sad, melancholy, sorrowful	грустный, печальный	Ինչո՞ւ ես տխուր — Почему ты грустный?	Տխուր երգ է — Это грустная песня
790	չոր	dry	сухой	Հագուստն արդեն չոր է — Одежда уже сухая	Եղանակը չոր է — Погода сухая
791	անմիջապես	immediately, instantly, promptly, right away	сразу, немедленно	Անմիջապես արի այստեղ — Немедленно иди сюда	Անմիջապես պատասխանեց — Он сразу ответил
792	արդյոք	whether, really?, is it possible?	ли; разве	Չգիտեմ, արդյոք կգա — Не знаю, придёт ли он	Արդյո՞ք դա ճիշտ է — Правда ли это?
793	կապված	tied, connected; related to	связанный, привязанный	Շունը ծառին կապված է — Собака привязана к дереву	Դա եղանակի հետ է կապված — Это связано с погодой
794	ներկա	present	настоящий; присутствующий	Ներկա ժամանակի բայ է — Это глагол настоящего времени	Բոլորը ներկա էին — Все присутствовали
795	զբաղմունք	occupation, pastime	занятие	Սիրելի զբաղմունք ունե՞ս — У тебя есть любимое занятие?	Նկարելը սիրելի զբաղմունքս է — Рисование для меня любимое занятие
796	ընտրել	to choose	выбирать	Նվեր եմ ընտրում — Выбираю подарок	Ճիշտ ճանապարհ ընտրեցիր — Ты выбрал правильный путь
797	փոխել	to change, to alter	менять, изменять	Կարծիքս փոխեցի — Я изменил своё мнение	Փող եմ ուզում փոխել — Хочу поменять деньги
798	էլի	again	опять, снова	Էլի ուշացար — Ты опять опоздал	Էլի արի մեզ մոտ — Приходи к нам ещё
799	պայման	condition	условие	Մի պայմանով եմ համաձայն — Согласен при одном условии	Լավ պայմաններում են ապրում — Живут в хороших условиях
800	ժողովրդական	national, popular, folk	народный	Ժողովրդական երգեր են երգում — Поют народные песни	Ժողովրդական պարեր ենք սովորում — Учим народные танцы
801	ենթակա	subject (grammatical); subordinate	подлежащее; подчинённый	Գտիր նախադասության ենթական — Найди подлежащее предложения	Նա տնօրենին ենթակա է — Он подчиняется директору
802	հանկարծ	suddenly	вдруг, внезапно	Հանկարծ անձրև սկսվեց — Вдруг начался дождь	
803	գոյություն	existence, being	существование	Այդպիսի բառ գոյություն չունի — Такого слова не существует	
804	բուն	original, genuine, effective	исконный, подлинный	հարցի բուն էությունը — сама суть вопроса	բառի բուն իմաստը — исконное значение слова
805	ներկայացուցիչ	spokesperson, representative	представитель	Նա մեր ընկերության ներկայացուցիչն է — Он представитель нашей компании	
806	ընդգծել	to underline, to underscore, to highlight	подчеркнуть, выделить	Ուզում եմ ընդգծել կարևորը — Хочу подчеркнуть главное	Ընդգծիր ճիշտ պատասխանը — Подчеркни правильный ответ
807	պահպանել	to keep, to preserve, to retain	сохранять, соблюдать	Պահպանիր հանգստությունդ — Сохраняй спокойствие	Պետք է պահպանել կանոնները — Надо соблюдать правила
808	հնչյունական	of or related to sound, phonic	звуковой, фонетический	հայերենի հնչյունական համակարգը — звуковая система армянского	
809	ձգտում	aspiration, striving	стремление	Նա գիտելիքի ձգտում ունի — У него стремление к знаниям	
810	հասկանալի	understandable, intelligible; clear	понятный; ясный	Ամեն ինչ հասկանալի է — Всё понятно	Բացատրիր հասկանալի լեզվով — Объясни понятным языком
811	նմանատիպ	of the same kind, of the same type, similar	подобный, похожий	Նմանատիպ դեպքեր հաճախ են լինում — Подобные случаи бывают часто	
812	նորմ	norm	норма	Դա նորմ է համարվում — Это считается нормой	
813	հաճախականություն	frequency	частотность	բառի գործածության հաճախականությունը — частотность употребления слова	
814	մանավանդ	especially	особенно	Սիրում եմ մրգեր, մանավանդ խնձոր — Люблю фрукты, особенно яблоки	
815	մի օր	one day, someday	однажды, как-то раз	Մի օր ամեն ինչ կփոխվի — Однажды всё изменится	
816	մեծանալ	to grow older	расти, вырастать	Երեխաներն արագ են մեծանում — Дети быстро растут	Երբ մեծանամ, բժիշկ կդառնամ — Когда вырасту, стану врачом
817	ճշգրիտ	exact	точный	Ճշգրիտ պատասխան տուր — Дай точный ответ	ճշգրիտ գիտություններ — точные науки
818	փորձ	attempt; experience; experiment	попытка; опыт	Առաջին փորձը չհաջողվեց — Первая попытка не удалась	Աշխատանքային փորձ ունի — У него есть опыт работы
819	մասնագետ	specialist	специалист	Նա իր գործի մասնագետն է — Он специалист своего дела	Մասնագետի կարծիք է պետք — Нужно мнение специалиста
820	դաշտ	field	поле	Դաշտում ծաղիկներ են աճում — В поле растут цветы	ֆուտբոլի դաշտ — футбольное поле
821	քաղաքացի	citizen	гражданин	Ես Հայաստանի քաղաքացի եմ — Я гражданин Армении	
822	զբաղվել	to be busy with, occupy oneself	заниматься	Սպորտով եմ զբաղվում — Занимаюсь спортом	Ինչո՞վ ես զբաղվում — Чем ты занимаешься?
823	գրիչ	pen	ручка	Գրիչդ տուր, խնդրում եմ — Дай ручку, пожалуйста	
824	միակ	only, sole	единственный	Նա միակ երեխան է — Он единственный ребёнок	Դա միակ ելքն է — Это единственный выход
825	մրսել	to freeze, to be cold, to shiver	мёрзнуть, зябнуть	Ես շատ եմ մրսում — Я очень мёрзну	Չմրսես, տաք հագնվիր — Не замёрзни, оденься тепло
826	սխալվել	to make a mistake, to err	ошибаться	Կարծում եմ՝ սխալվում ես — Думаю, ты ошибаешься	Բոլորն էլ սխալվում են — Все ошибаются
827	հրավիրել	to invite	приглашать	Նրանք մեզ հրավիրեցին ընթրիքի — Они пригласили нас на ужин	Հրավիրիր նրան հարսանիքին — Пригласи его на свадьбу
828	հարմար	comfortable, convenient	удобный, подходящий	Այս աթոռը շատ հարմար է — Этот стул очень удобный	Հարմար պահ ընտրիր — Выбери подходящий момент
829	մինչ	while; until, before	пока; до	Մինչ նա խոսում էր, ես լսում էի — Пока он говорил, я слушал	Մինչ այժմ լուր չկա — До сих пор нет вестей
830	առիթ	occasion, reason	повод, случай	Ի՞նչ առիթով ես եկել — По какому поводу ты пришёл?	Առիթը բաց մի թող — Не упусти случай
831	ամենայն	all, entire	всяческий, весь	ամենայն հարգանքով — со всем уважением	Ամենայն բարիք եմ մաղթում — Желаю всяческих благ
832	հավասար	equal, alike	равный	Բոլորը հավասար են օրենքի առաջ — Все равны перед законом	Հավասար բաժանեցինք — Мы разделили поровну
833	իսպաներեն	Spanish	испанский язык; по-испански	Իսպաներեն եմ սովորում — Учу испанский	Մի քիչ իսպաներեն գիտեմ — Немного знаю испанский
834	հունարեն	Greek	греческий язык; по-гречески	Նա հունարեն է խոսում — Он говорит по-гречески	
835	թուրք	Turk	турок	Նա ազգությամբ թուրք է — Он по национальности турок	
836	հինգերորդ	fifth	пятый	Հինգերորդ հարկում ենք ապրում — Мы живём на пятом этаже	
837	քննություն	examination, exam	экзамен	Վաղը քննություն ունեմ — Завтра у меня экзамен	Քննությունը լավ հանձնեցի — Я хорошо сдал экзамен
838	սուտ	false, counterfeit, mock	ложный; лживый	Դա սուտ լուր էր — Это была ложная новость	Սուտ մի խոսիր — Не ври
839	վախ	fear	страх	Նա վախ չգիտի — Он не знает страха	Վախից գոռաց — Он закричал от страха
840	խնձոր	apple	яблоко	Մի խնձոր կերա — Я съел яблоко	խնձորի հյութ — яблочный сок
841	իմը	mine	мой, моё	Այս գիրքն իմն է — Эта книга моя	
842	շարունակել	to continue	продолжать	Շարունակիր կարդալ — Продолжай читать	Աշխատանքը վաղը կշարունակենք — Работу продолжим завтра
843	երազ	dream	сон; мечта	Երազում քեզ տեսա — Я видел тебя во сне	Երազս իրականացավ — Моя мечта сбылась
844	սար	mountain	гора	Սարերում ձյուն է — В горах снег	Սար ենք բարձրանում — Поднимаемся в гору
845	խորթ	unrelated, step-	неродной, сводный; чуждый	խորթ մայր — мачеха	Դա ինձ խորթ է — Это мне чуждо
846	ընդարձակ	expansive, wide, broad, spacious	просторный, обширный	Սենյակը ընդարձակ է ու լուսավոր — Комната просторная и светлая	
847	չար	evil, wicked	злой	Նա չար մարդ չէ — Он не злой человек	Չար աչքից հեռու — Подальше от дурного глаза
848	ցերեկ	daytime, day, morning or afternoon	день, дневное время	Ցերեկը տանը չեմ լինում — Днём меня не бывает дома	Գիշեր-ցերեկ աշխատում է — Он работает день и ночь
849	մայիս	May	май	Մայիսին ծաղիկներ են բացվում — В мае распускаются цветы	
850	վերջ	end, ending, finish	конец	Ֆիլմի վերջը լավն էր — Конец фильма был хорошим	Վերջ տուր այդ խոսակցությանը — Прекрати этот разговор
851	թանկ	dear	дорогой	Այս խանութը թանկ է — Этот магазин дорогой	Դու ինձ համար թանկ ես — Ты мне дорог
852	կառք	carriage, coach	карета; повозка	Ձիերը կառք էին քաշում — Лошади тянули карету	
853	իմանալ	to know	знать, узнать	Երբ իմանաս, ասա ինձ — Когда узнаешь, скажи мне	Ես դա իմացա երեկ — Я узнал это вчера
854	նեղ	narrow	узкий	Փողոցը շատ նեղ է — Улица очень узкая	Կոշիկներս նեղ են — Мои туфли тесные
855	դժվարություն	difficulty	трудность	Դժվարությամբ գտա տունը — С трудом нашёл дом	Դժվարությունները հաղթահարելի են — Трудности преодолимы
856	համաձայն	in agreement , concordant	согласный; согласно	Ես քեզ հետ համաձայն եմ — Я с тобой согласен	օրենքի համաձայն — согласно закону
857	պարզել	to clarify, clean, purify	прояснить, очистить	Պետք է պարզել պատճառը — Надо выяснить причину	
858	յուղ	oil	масло; жир	Հացին յուղ քսիր — Намажь масло на хлеб	ձիթապտղի յուղ — оливковое масло
859	նայել	to look	смотреть	Ինձ նայիր — Посмотри на меня	Ֆիլմ ենք նայում — Смотрим фильм
860	ոչխար	sheep	овца	Հովիվը ոչխարներ է պահում — Пастух держит овец	
861	գայլ	wolf	волк	Անտառում գայլեր կան — В лесу есть волки	
862	ոչ մի	no, not any	никакой, ни один	Ոչ մի խնդիր չկա — Нет никакой проблемы	Ոչ մի տեղ չեմ գնում — Я никуда не иду
863	հաղորդել	to communicate, to transmit; to inform; to impart	сообщать; передавать	Ռադիոն կարևոր լուր հաղորդեց — Радио передало важную новость	Մեզ հաղորդեցին, որ ուշանում է — Нам сообщили, что он опаздывает
864	հեռուստատեսություն	television	телевидение	Երեկոյան հեռուստատեսություն ենք նայում — Вечером смотрим телевизор	
865	ծակ	having a hole, perforated, holed	дырявый, с дыркой	Գուլպաս ծակ է — Мой носок дырявый	ծակ գրպան — дырявый карман
866	հիմար	stupid, foolish, idiotic, moronic	глупый, дурак	Հիմար հարց մի տուր — Не задавай глупых вопросов	Ինձ հիմարի տեղ մի դիր — Не держи меня за дурака
867	կառուցվածք	structure, construction	структура, строение	նախադասության կառուցվածքը — структура предложения	Շենքի կառուցվածքը ամուր է — Конструкция здания прочная
868	չափազանց	extreme, excessive, undue	чрезмерный; слишком	Այսօր չափազանց շոգ է — Сегодня слишком жарко	չափազանց կարևոր հարց — чрезвычайно важный вопрос
869	թարգմանություն	translation	перевод	Թարգմանությունը ճիշտ է — Перевод правильный	հայերենից ռուսերեն թարգմանություն — перевод с армянского на русский
870	հարաբերություն	relation	отношение	Մեր հարաբերությունները լավ են — Наши отношения хорошие	միջազգային հարաբերություններ — международные отношения
871	բարձրացնել	causative of բարձրանալ , to raise, heave, elevate	поднимать, повышать	Ձեռքդ բարձրացրու — Подними руку	Աշխատավարձը բարձրացրին — Зарплату повысили
872	հարցում	survey, poll; inquiry	опрос; запрос	Հարցում են անցկացնում փողոցում — На улице проводят опрос	Հարցում ուղարկեցի բանկին — Я отправил запрос в банк
873	վերաբերել	to concern, to relate to	касаться, относиться	Դա քեզ չի վերաբերում — Это тебя не касается	Հարցը վերաբերում է բոլորին — Вопрос касается всех
874	տոկոս	percent	процент	Գները տասը տոկոսով բարձրացան — Цены выросли на десять процентов	բանկի տոկոսները — банковские проценты
875	խոր	deep	глубокий	Գետն այստեղ խոր է — Река здесь глубокая	Խոր շունչ քաշիր — Сделай глубокий вдох
876	կացին	axe	топор	Կացնով փայտ է ջարդում — Он колет дрова топором	
877	կնիկ	wife, woman (colloq., can sound rude)	жена (разг.); баба	Կնիկը տանը սպասում է — Жена ждёт дома	
878	համարել	to consider, esteem, deem	считать, полагать	Նրան լավ մասնագետ են համարում — Его считают хорошим специалистом	Համարիր, որ ոչինչ չի եղել — Считай, что ничего не было
879	երանգ	hue; shade; tone	оттенок; тон	կապույտի բաց երանգ — светлый оттенок синего	Ձայնի մեջ տխուր երանգ կար — В голосе был грустный оттенок
880	ընդունված	accepted, adopted	принятый	Այդպես ընդունված է մեզ մոտ — Так у нас принято	ընդունված նորմեր — принятые нормы
881	սկզբունք	principle	принцип	Դա իմ սկզբունքն է — Это мой принцип	Դա իմ սկզբունքների դեմ է — Это против моих принципов
882	համարժեք	equivalent	эквивалент; эквивалентный	Այս բառը ճիշտ համարժեք չունի — У этого слова нет точного эквивалента	
883	օտարաբանություն	borrowing , barbarism, xénisme	варваризм, заимствование	Խոսքում շատ օտարաբանություններ կան — В речи много варваризмов	
884	վայր	place	место	Հանդիպման վայրը որոշեցինք — Мы определили место встречи	աշխատանքի վայրը — место работы
885	առաջարկել	to propose	предлагать	Ի՞նչ ես առաջարկում — Что ты предлагаешь?	Նա օգնություն առաջարկեց — Он предложил помощь
886	կոտրել	to break	ломать, разбивать	Երեխան բաժակը կոտրեց — Ребёнок разбил стакан	Դուռը մի կոտրիր — Не ломай дверь
887	կռվել	to fight	драться; воевать; ссориться	Երեխաները բակում կռվում են — Дети дерутся во дворе	Մի կռվեք իրար հետ — Не ссорьтесь друг с другом
888	վառ	bright	яркий	վառ գույներ — яркие цвета	վառ հիշողություններ — яркие воспоминания
889	հագնել	to wear	надевать, носить	Տաք շորեր հագիր — Надень тёплую одежду	Ի՞նչ հագնեմ այսօր — Что мне сегодня надеть?
890	բույն	nest	гнездо	Թռչունը բույն է հյուսում — Птица вьёт гнездо	
891	վերադառնալ	to return	возвращаться	Երեկոյան տուն եմ վերադառնում — Вечером возвращаюсь домой	Նա վերադարձավ արտասահմանից — Он вернулся из-за границы
892	մարտ	March	март	Մարտին գարուն է սկսվում — В марте начинается весна	
893	տգեղ	ugly	некрасивый, уродливый	Այդ շենքը շատ տգեղ է — Это здание очень некрасивое	տգեղ արարք — некрасивый поступок
894	ականջ	ear	ухо	Ականջս ցավում է — У меня болит ухо	Ականջ դնել լավ չէ — Подслушивать нехорошо
895	վարվել	to treat	обращаться, поступать	Նրա հետ լավ վարվիր — Обращайся с ним хорошо	Դու ճիշտ վարվեցիր — Ты поступил правильно
896	բանաստեղծ	poet	поэт	Թումանյանը մեծ բանաստեղծ է — Туманян великий поэт	
897	լուրջ	serious	серьёзный	Լուրջ խնդիր կա — Есть серьёзная проблема	Լո՞ւրջ ես ասում — Ты серьёзно говоришь?
898	քնած	asleep	спящий	Երեխան դեռ քնած է — Ребёнок ещё спит	
899	վարդ	rose	роза	Կարմիր վարդեր նվիրեց — Он подарил красные розы	
900	փակ	closed, shut	закрытый	Խանութն այսօր փակ է — Магазин сегодня закрыт	փակ դռների հետևում — за закрытыми дверями
901	քերականություն	grammar	грамматика	Հայերենի քերականությունը դժվար չէ — Грамматика армянского не сложная	
902	ժամանել	to arrive	прибывать	Գնացքը ժամանեց ժամանակին — Поезд прибыл вовремя	Հյուրերը երեկ ժամանեցին — Гости прибыли вчера
903	գնել	to buy, to purchase	покупать	Խանութից հաց գնեցի — Я купил в магазине хлеб	Նոր մեքենա են գնել — Они купили новую машину
904	երանի	if only	вот бы, хоть бы	Երանի ամառ լիներ — Вот бы было лето	Երանի քեզ — Везёт тебе
905	կարճ	short	короткий	Օրերը կարճ են դարձել — Дни стали короткими	Կարճ ասած՝ համաձայն եմ — Короче говоря, я согласен
906	մենակ	alone	один, одинокий	Տանը մենակ եմ — Я дома один	Նա մենակ է ապրում — Он живёт один
907	տարեդարձ	anniversary	годовщина	Այսօր մեր հարսանիքի տարեդարձն է — Сегодня годовщина нашей свадьбы	Շնորհավորում եմ ծննդյան տարեդարձդ — Поздравляю с днём рождения
908	շնորհակալ եմ	thank you	спасибо, благодарю	Շատ շնորհակալ եմ օգնության համար — Большое спасибо за помощь	Շնորհակալ եմ ամեն ինչի համար — Спасибо за всё
909	լողալ	to swim	плавать	Երեխան լավ է լողում — Ребёнок хорошо плавает	Ծովում լողացինք — Мы купались в море
910	ամուսին	husband	муж	Ամուսինս գործի է — Мой муж на работе	
911	իրավունք	right	право	Դու իրավունք չունես — Ты не имеешь права	վարորդական իրավունք — водительские права
912	թուրքական	Turkish	турецкий	թուրքական սուրճ — турецкий кофе	
913	մայրաքաղաք	capital, capital city	столица	Երևանը Հայաստանի մայրաքաղաքն է — Ереван столица Армении	
914	կեր	(animal) feed, fodder; eat! (imperative of ուտել)	корм; ешь!	Շանը կեր տուր — Дай собаке корм	Նստիր, հացդ կեր — Садись, ешь
915	հավ	hen, chicken	курица	Հավերը ձու են ածում — Куры несут яйца	Հավի ապուր եմ եփում — Варю куриный суп
916	միս	meat; flesh	мясо	Միս չեմ ուտում — Я не ем мяса	տավարի միս — говядина
917	պաշտպանել	to protect, to defend	защищать	Նա միշտ պաշտպանում է ինձ — Он всегда защищает меня	Պետք է պաշտպանել բնությունը — Надо защищать природу
918	հայրիկ	dad, daddy	папа, папочка	Հայրիկս տուն եկավ — Папа пришёл домой	
919	բոլորովին	absolutely, quite, totally, utterly	совсем, совершенно	Ես բոլորովին հոգնած չեմ — Я совсем не устал	Դա բոլորովին այլ հարց է — Это совершенно другой вопрос
920	սյուն	column, pillar	колонна, столб	Եկեղեցու սյուները բարձր են — Колонны церкви высокие	Մեքենան բախվեց սյանը — Машина врезалась в столб
921	բացատրել	to explain	объяснять	Բացատրիր, թե ինչ եղավ — Объясни, что случилось	Ուսուցիչը նոր դասն է բացատրում — Учитель объясняет новый урок
922	գիր	letter	буква; письменность	Հայոց գրերը ստեղծվել են 405 թվականին — Армянские буквы созданы в 405 году	
923	նվեր	present, gift	подарок	Ի՞նչ նվեր ես ուզում — Какой подарок ты хочешь?	Նվեր ստացա ընկերոջից — Я получил подарок от друга
924	վաղ	early	ранний; рано	Վաղ առավոտյան արթնացա — Я проснулся рано утром	Դեռ վաղ է — Ещё рано
925	շարք	row	ряд	Առաջին շարքում ենք նստած — Мы сидим в первом ряду	մի շարք հարցեր — ряд вопросов
926	ծառա	servant	слуга	Թագավորը ծառաներ ուներ — У царя были слуги	
927	անկախ	independent	независимый	Հայաստանը անկախ երկիր է — Армения независимая страна	Ինձնից անկախ պատճառներով — По независящим от меня причинам
928	վառել	to set on fire, to burn	зажигать, жечь	Լույսը վառիր — Зажги свет	Փայտ ենք վառում վառարանում — Жжём дрова в печке
929	ճամփա	road	дорога, путь	Ճամփան երկար էր — Дорога была длинной	Բարի ճամփա — Счастливого пути
930	երջանիկ	happy, fortunate, lucky	счастливый	Ես շատ երջանիկ եմ — Я очень счастлив	երջանիկ մանկություն — счастливое детство
931	արդյունք	result; outcome; product	результат, итог	Քննության արդյունքները հայտնի են — Результаты экзамена известны	Աշխատանքն արդյունք տվեց — Работа дала результат
932	խելացի	smart, clever, intelligent	умный	Նա խելացի տղա է — Он умный парень	խելացի որոշում — умное решение
933	կանգնել	to stand	стоять, встать	Դռան մոտ կանգնիր — Встань у двери	Մի ժամ կանգնած սպասեցի — Я час прождал стоя
934	գցել	to throw; cast; hurl, fling; chuck	бросать, кидать	Գնդակը ինձ գցիր — Брось мне мяч	Աղբը դուրս գցիր — Выброси мусор
935	դարձյալ	anew, again, once again	снова, опять	Դարձյալ ուշացար — Ты опять опоздал	Դարձյալ նույն հարցը — Опять тот же вопрос
936	ցանկություն	wish, desire	желание	Մեծ ցանկություն ունեմ ճանապարհորդելու — У меня большое желание путешествовать	Ցանկություն պահիր — Загадай желание
937	վերցնել	to take	брать, взять	Գիրքը սեղանից վերցրու — Возьми книгу со стола	Ինձ էլ վերցրեք ձեզ հետ — Возьмите и меня с собой
938	զգացում	feeling, sensation, sense	чувство	Մեղքի զգացում ունեմ — У меня чувство вины	Հումորի զգացում ունի — У него есть чувство юмора
939	ավագ	older, elder, senior	старший	ավագ եղբայր — старший брат	ավագ սերունդ — старшее поколение
940	գլխավոր	main, principal, essential	главный	Դա գլխավոր հարցն է — Это главный вопрос	գլխավոր հերոս — главный герой
941	տեսություն	theory; survey	теория; обзор	Դա միայն տեսություն է — Это только теория	մամուլի տեսություն — обзор прессы
942	գրավել	to conquer; to seize	завоевать, захватить	Թշնամին գրավեց քաղաքը — Враг захватил город	
943	հավաքել	to gather, to collect	собирать	Խաղալիքներդ հավաքիր — Собери свои игрушки	Սունկ ենք հավաքում անտառում — Собираем грибы в лесу
944	անձ	person	лицо, персона	Սեղանը չորս անձի համար է — Стол на четыре персоны	վստահելի անձ — доверенное лицо
945	համ	and, both	и... и...; к тому же	Համ ուտում է, համ խոսում — И ест, и говорит	Համ էլ փող չունեմ — К тому же у меня нет денег
946	լեզվաբանություն	linguistics	лингвистика, языкознание	Լեզվաբանություն եմ ուսումնասիրում համալսարանում — Изучаю лингвистику в университете	
947	արդի	modern, contemporary, up-to-date	современный	արդի հայ գրականություն — современная армянская литература	
948	զանազան	different, various, diverse	разные, различные	Խանութում զանազան ապրանքներ կան — В магазине есть разные товары	
949	դատ	trial, judicial proceedings	суд, судебный процесс	Նրա դատը վաղն է — Его суд завтра	Նրան դատի տվեցին — На него подали в суд
950	սպանություն	killing; murder; homicide; assassination	убийство	Քաղաքում սպանություն է կատարվել — В городе совершено убийство	
951	հեր	hair	волосы (поэт.)	Աղջկա հերը երկար էր — Волосы девушки были длинными	
952	անվանում	name, title	название, наименование	Փողոցի անվանումը փոխվել է — Название улицы изменилось	
953	թաղ	neighborhood, district, quarter	квартал, район	Մենք նույն թաղում ենք մեծացել — Мы выросли в одном квартале	Մեր թաղում նոր խանութ բացվեց — В нашем квартале открылся новый магазин
954	ընտրություն	choice; election(s)	выбор; выборы	Ճիշտ ընտրություն արեցիր — Ты сделал правильный выбор	Ընտրություններին մասնակցեցինք — Мы участвовали в выборах
955	շեշտ	accent, stress, emphasis	ударение; акцент	Հայերենում շեշտը վերջին վանկի վրա է — В армянском ударение на последнем слоге	Շեշտը դիր գլխավորի վրա — Сделай акцент на главном
956	հոլով	grammatical case, declension	падеж	Հայերենն ունի յոթ հոլով — В армянском семь падежей	սեռական հոլով — родительный падеж
957	անկաշկանդ	uninhibited, free, at ease	непринуждённый, свободный	Նա իրեն անկաշկանդ էր պահում — Он вёл себя непринуждённо	անկաշկանդ խոսակցություն — непринуждённая беседа
958	աշակերտուհի	pupil (female)	ученица	Նա տասներորդ դասարանի աշակերտուհի է — Она ученица десятого класса	
959	կավիճ	chalk	мел	Գրատախտակին կավիճով գրիր — Пиши на доске мелом	
960	միրգ	fruit	фрукт	Շուկայից միրգ գնեցինք — Мы купили на рынке фрукты	թարմ մրգեր — свежие фрукты
961	այսքան	so (much)	столько, так много	Այսքան ուշ ո՞ւր ես գնում — Куда ты идёшь так поздно?	Այսքանը բավական է — Этого достаточно
962	համով	tasty, delicious	вкусный	Ճաշը շատ համով է — Обед очень вкусный	Մայրիկը համով կերակուր է եփում — Мама готовит вкусную еду
963	ամուր	firm, sturdy, solid	крепкий, прочный, твёрдый	Ամուր բռնիր ձեռքս — Крепко держи мою руку	ամուր ընտանիք — крепкая семья
964	զգեստ	dress	платье; одежда	Նա գեղեցիկ զգեստ էր հագել — На ней было красивое платье	հարսանյաց զգեստ — свадебное платье
965	օգտակար	useful	полезный	օգտակար խորհուրդ — полезный совет	Սպորտը օգտակար է առողջությանը — Спорт полезен для здоровья
966	գետին	ground	земля, пол	Մի նստիր գետնին — Не садись на землю	Գետինը թաց է — Земля мокрая
967	լավագույն	best	лучший	Նա իմ լավագույն ընկերն է — Он мой лучший друг	լավագույն դեպքում — в лучшем случае
968	թեկնածու	candidate	кандидат	Նա նախագահի թեկնածու է — Он кандидат в президенты	գիտությունների թեկնածու — кандидат наук
969	կարողություն	capacity	способность, умение	Նա մեծ կարողություններ ունի — У него большие способности	
970	հետաքրքրական	interesting	интересный	Հետաքրքրական հոդված կարդացի — Я прочитал интересную статью	
971	անտարբեր	indifferent	равнодушный	Նա անտարբեր մնաց — Он остался равнодушным	Նա անտարբեր նայեց ինձ — Он равнодушно посмотрел на меня
972	մեղմ	mild	мягкий, кроткий	Նա մեղմ ձայնով խոսեց — Он заговорил мягким голосом	մեղմ ձմեռ — мягкая зима
973	պտուղ	fruit	плод	Ծառը շատ պտուղ է տվել — Дерево дало много плодов	աշխատանքի պտուղը — плод труда
974	գրպան	pocket	карман	Բանալիները գրպանումս են — Ключи у меня в кармане	գրպանի փող — карманные деньги
975	քաղաքացիություն	citizenship	гражданство	Նա Հայաստանի քաղաքացիություն ստացավ — Он получил гражданство Армении	
976	ուսումնասիրել	to research, to study, to examine	исследовать, изучать	Գիտնականները ուսումնասիրում են լեզուն — Учёные исследуют язык	Հարցը պետք է ուսումնասիրել — Вопрос надо изучить
977	բնավ	never, not at all, not ever	вовсе, отнюдь	Ես բնավ չեմ վախենում — Я вовсе не боюсь	Բնավ էլ այդպես չէ — Вовсе не так
978	ծարավ	thirsty	жаждущий; жажда	Շատ ծարավ եմ — Я очень хочу пить	Ծարավից մեռնում եմ — Умираю от жажды
979	սառույց	ice	лёд	Ճանապարհը սառույցով է պատված — Дорога покрыта льдом	Ջուրը սառույցով տուր — Дай воду со льдом
980	գորգ	carpet	ковёр	Հայկական գորգերը հայտնի են — Армянские ковры знамениты	Գորգը փռեցինք հատակին — Мы постелили ковёр на пол
981	կապույտ	blue	синий, голубой	Երկինքը կապույտ է — Небо синее	կապույտ աչքեր — голубые глаза
982	գնացք	train	поезд	Գնացքը ուշանում է — Поезд опаздывает	Գնացքով ենք գնալու — Поедем поездом
983	հագել	to put on, wear (var. of հագնել)	надеть, одеть	Նա սև կոստյում էր հագել — На нём был чёрный костюм	Ի՞նչ ես հագել այսօր — Что на тебе сегодня надето?
984	մաքուր	clean; pure; genuine	чистый	Սենյակը մաքուր է — Комната чистая	մաքուր օդ — чистый воздух
985	խոնավ	damp, humid, moist	влажный, сырой	Օդը այստեղ խոնավ է — Воздух здесь влажный	
986	ուրբաթ	Friday	пятница	Ուրբաթ օրը հանդիպենք — Встретимся в пятницу	
987	կիրակի	Sunday	воскресенье	Կիրակի օրերին հանգստանում ենք — По воскресеньям мы отдыхаем	
988	սրճարան	café	кафе	Սրճարանում սուրճ խմեցինք — Мы выпили кофе в кафе	
989	եվրոպական	European	европейский	եվրոպական երկրներ — европейские страны	Եվրոպական միություն — Европейский союз
990	ֆրանսիացի	Frenchman or Frenchwoman	француз; француженка	Նա ֆրանսիացի է — Он француз	
991	հունական	Greek	греческий	հունական աղցան — греческий салат	հունական դիցաբանություն — греческая мифология
992	կատու	cat	кошка, кот	Կատուն մկներ է բռնում — Кошка ловит мышей	Կատու ունե՞ս — У тебя есть кошка?
993	ափսոս	what a pity!, too bad	жаль, как жаль	Ափսոս, որ չեկար — Жаль, что ты не пришёл	Ափսոս ժամանակը — Жаль времени
994	բրինձ	rice	рис	Բրնձով փլավ եփեցինք — Мы приготовили плов из риса	Բրինձը եփվել է — Рис сварился
995	թեյ	tea	чай	Մի բաժակ թեյ կխմե՞ս — Выпьешь чашку чая?	Թեյ դնեմ — Поставлю чай
996	քնել	to sleep	спать	Երեխան արդեն քնել է — Ребёнок уже уснул	Ուշ եմ քնում — Я поздно ложусь спать
997	շարժում	motion, movement	движение	Նրա շարժումները դանդաղ էին — Его движения были медленными	ազգային շարժում — национальное движение
998	հոգի	soul	душа	Հոգիս ցավում է — У меня душа болит	Ոչ մի հոգի չկար փողոցում — На улице не было ни души
999	թեթև	light	лёгкий	Պայուսակը թեթև է — Сумка лёгкая	թեթև ընթրիք — лёгкий ужин
1000	հարսանիք	wedding	свадьба	Հարսանիքի ենք հրավիրված — Мы приглашены на свадьбу	Հարսանիքը ամռանն է լինելու — Свадьба будет летом
1001	հարս	fiancée	невеста; невестка	Հարսը շատ գեղեցիկ է — Невеста очень красивая	Հարսի զգեստը սպիտակ էր — Платье невесты было белым
1002	թև	wing	рука (от плеча), крыло	Թռչունը թևերը բացեց — Птица раскрыла крылья	Թևս ցավում է — У меня болит рука
1003	թռչել	to fly	летать, лететь	Թռչունները բարձր են թռչում — Птицы летают высоко	Վաղը Մոսկվա եմ թռչում — Завтра я лечу в Москву
1004	դեղին	yellow	жёлтый	Դեղին ծաղիկներ քաղեցինք — Мы собрали жёлтые цветы	Տերևները դեղին են դառնում — Листья желтеют
1005	քառորդ	quarter, fourth, quadrant	четверть	Ժամը հինգն անց քառորդ է — Сейчас четверть шестого	Քառորդ ժամ սպասեցի — Я ждал четверть часа
1006	պարել	to dance	танцевать	Երեկույթին շատ պարեցինք — На вечеринке мы много танцевали	Նա լավ է պարում — Она хорошо танцует
1007	բարձ	pillow; cushion	подушка	Փափուկ բարձի վրա եմ քնում — Я сплю на мягкой подушке	
1008	մեկնել	to depart, to leave, to go	уезжать, отправляться	Վաղը Երևանից եմ մեկնում — Завтра я уезжаю из Еревана	Գնացքը մեկնում է ժամը վեցին — Поезд отправляется в шесть часов
1009	մոսկվա	Moscow	Москва	Նա ապրում է Մոսկվայում — Он живёт в Москве	Մոսկվայից նամակ ստացա — Я получил письмо из Москвы
1010	իրան	torso, trunk, body	талия, торс	Նա բարակ իրան ունի — У неё тонкая талия	
1011	ողջ	alive, whole, all	живой, целый	Ողջ օրը աշխատել եմ — Я работал весь день	Նա ողջ ու առողջ է — Он жив и здоров
1012	կտրել	to cut	резать, отрезать	Հացը դանակով կտրիր — Отрежь хлеб ножом	Նա կտրել է մատը — Он порезал палец
1013	հանդեպ	facing, opposite, across from	по отношению к; напротив	Հարգանք ունեմ նրա հանդեպ — Я испытываю уважение к нему	Մեր տան հանդեպ այգի կա — Напротив нашего дома сад
1014	ուղարկել	to send, to dispatch, to transmit	отправлять, посылать	Նամակ ուղարկեցի ընկերոջս — Я отправил письмо другу	Ինձ լուսանկարներ ուղարկիր — Пришли мне фотографии
1015	դեղ	drug, medicine, medicament	лекарство	Բժիշկը դեղ նշանակեց — Врач назначил лекарство	Դեղը խմիր ուտելուց հետո — Прими лекарство после еды
1016	հնագույն	very ancient, immemorial	древнейший	Երևանը հնագույն քաղաք է — Ереван древнейший город	
1017	հոտ	smell, odor; scent	запах	Թարմ հացի հոտ է գալիս — Пахнет свежим хлебом	Ծաղիկները անուշ հոտ ունեն — У цветов приятный запах
1018	մարդկային	human	человеческий	Դա մարդկային սխալ է — Это человеческая ошибка	Մարդկային հարաբերություններ — Человеческие отношения
1019	աքլոր	rooster, cock	петух	Աքլորը վաղ առավոտյան կանչում է — Петух кричит рано утром	
1020	լուռ	silent, not talking	молчаливый, тихий	Նա լուռ նստած էր — Он молча сидел	Լուռ գիշեր էր — Была тихая ночь
1021	վստահ	sure, certain, confident	уверенный	Ես վստահ եմ դրանում — Я уверен в этом	Նա վստահ քայլում էր — Он шёл уверенно
1022	ծայր	tip, end	конец, кончик	Թելի ծայրը բռնիր — Держи конец нитки	Քաղաքի մյուս ծայրում — На другом конце города
1023	փչել	to blow	дуть	Ուժեղ քամի է փչում — Дует сильный ветер	Մոմերը փչիր — Задуй свечи
1024	լու	flea	блоха	Շունը լվեր ունի — У собаки блохи	
1025	ծերուն	old, aged	старый, престарелый	Ծերուն մարդը դանդաղ քայլում էր — Старый человек шёл медленно	
1026	սրահ	hall; salon	зал; салон	Հյուրերը հավաքվել էին սրահում — Гости собрались в зале	Գեղեցկության սրահ — Салон красоты
1027	բանկ	bank	банк	Բանկից փող հանեցի — Я снял деньги в банке	Բանկը փակ է կիրակի օրը — Банк закрыт в воскресенье
1028	խանութ	shop, store	магазин	Խանութից հաց առա — Я купил хлеб в магазине	Խանութը բացվում է ժամը իննին — Магазин открывается в девять
1029	ձոր	gorge, ravine; canyon	ущелье	Ձորով գետ է հոսում — По ущелью течёт река	
1030	խուսափել	to avoid, evade, dodge	избегать	Նա խուսափում է պատասխանից — Он избегает ответа	Փորձիր խուսափել սխալներից — Постарайся избегать ошибок
1031	պատմել	to relate, tell, narrate, recount	рассказывать	Տատիկը հեքիաթ է պատմում — Бабушка рассказывает сказку	Պատմիր քո ուղևորության մասին — Расскажи о своей поездке
1032	օգտվել	to use, utilize; to take advantage of; to enjoy	пользоваться	Ես օգտվում եմ բառարանից — Я пользуюсь словарём	Օգտվիր առիթից — Воспользуйся случаем
1033	վանք	monastery	монастырь	Այցելեցինք հին վանքը — Мы посетили старинный монастырь	
1034	բակ	court; yard, courtyard	двор	Երեխաները խաղում են բակում — Дети играют во дворе	
1035	ընդունելի	acceptable	приемлемый	Դա ընդունելի տարբերակ է — Это приемлемый вариант	
1036	անցած	past, gone, bygone, former	прошлый, прошедший	Անցած տարի Երևանում էի — В прошлом году я был в Ереване	Անցած շաբաթ հանդիպեցինք — Мы встретились на прошлой неделе
1037	արտ	cornfield, tilled field, arable land	поле, нива	Արտում ցորեն է աճում — В поле растёт пшеница	
1038	երբևէ	ever	когда-либо, когда-нибудь	Երբևէ եղե՞լ ես Փարիզում — Ты когда-нибудь был в Париже?	
1039	լիովին	fully, entirely, completely, perfectly	полностью, совершенно	Ես լիովին համաձայն եմ — Я полностью согласен	Նա լիովին առողջ է — Он совершенно здоров
1040	մատչել	to approach, to draw near	приближаться, подступать	Նրան դժվար է մատչել — К нему трудно подступиться	
1041	գրաբար	Old Armenian	грабар, древнеармянский	Գրաբարով շատ գրքեր են գրվել — На грабаре написано много книг	
1042	բացառություն	exception	исключение	Ամեն կանոն ունի բացառություն — У каждого правила есть исключение	
1043	պատկեր	portrait; picture; likeness, resemblance, image	изображение, картина; образ	Գրքում շատ պատկերներ կան — В книге много изображений	Ամբողջական պատկերը պարզ դարձավ — Общая картина стала ясной
1044	առկա	present	имеющийся, наличный	Բոլոր առկա միջոցները օգտագործեցինք — Мы использовали все имеющиеся средства	Խնդիրը դեռ առկա է — Проблема всё ещё существует
1045	քանակ	quantity, number; amount	количество	Ապրանքի քանակը սահմանափակ է — Количество товара ограничено	
1046	վարչական	administrative	административный	Վարչական շենքը կենտրոնում է — Административное здание в центре	
1047	անհրաժեշտություն	necessity, need	необходимость	Դրա անհրաժեշտությունը չկա — В этом нет необходимости	
1048	տնտեսական	economic	экономический	Երկրի տնտեսական վիճակը բարելավվեց — Экономическое положение страны улучшилось	
1049	պահանջել	to demand, require	требовать	Նա պահանջեց իր փողը — Он потребовал свои деньги	Աշխատանքը մեծ ջանք է պահանջում — Работа требует больших усилий
1050	չոբան	shepherd	пастух, чабан	Չոբանը ոչխարներին սարն է տանում — Пастух ведёт овец в горы	
1051	բովանդակություն	content	содержание	Գրքի բովանդակությունը հետաքրքիր է — Содержание книги интересное	
1052	մասնագիտություն	profession, specialty	профессия, специальность	Ի՞նչ մասնագիտություն ունես — Какая у тебя профессия?	Նա ընտրեց բժշկի մասնագիտությունը — Он выбрал профессию врача
1053	կիրառել	to apply, to employ, to use	применять	Կիրառիր այս մեթոդը գործնականում — Применяй этот метод на практике	
1054	հավելում	addition	добавление; надбавка	Աշխատավարձին հավելում ստացա — Я получил надбавку к зарплате	
1055	արտասանություն	pronunciation	произношение	Նրա արտասանությունը շատ լավն է — У него очень хорошее произношение	
1056	հանրություն	society, the public	общественность	Լայն հանրությանը դա հայտնի է — Широкой общественности это известно	
1057	համեմատաբար	comparatively	сравнительно	Այսօր համեմատաբար տաք է — Сегодня сравнительно тепло	
1058	հետազոտող	researcher, investigator	исследователь	Հետազոտողները նոր մեթոդ են փորձարկում — Исследователи испытывают новый метод	
1059	լեզվակիր	native speaker	носитель языка	Լավ է սովորել լեզվակրի հետ — Хорошо учиться с носителем языка	
1060	տառ	letter (graphic sign)	буква	Հայերենն ունի երեսունինը տառ — В армянском тридцать девять букв	Գրիր մեծ տառով — Пиши с большой буквы
1061	քրիստոնյա	Christian	христианин	Նա հավատացյալ քրիստոնյա է — Он верующий христианин	
1062	թարմ	fresh	свежий	Թարմ հաց առա — Я купил свежий хлеб	Թարմ օդ է պետք — Нужен свежий воздух
1063	ձմերուկ	watermelon	арбуз	Ամռանը ձմերուկ ենք ուտում — Летом мы едим арбуз	
1064	ծիրան	apricot	абрикос	Հայկական ծիրանը շատ քաղցր է — Армянский абрикос очень сладкий	
1065	գեղեցկություն	Œyun] beauty	красота	Բնության գեղեցկությունը հիացնում է — Красота природы восхищает	
1066	հաղթել	to vanquish	побеждать	Մեր թիմը հաղթեց խաղում — Наша команда победила в игре	Նա հաղթեց մրցույթում — Он победил в конкурсе
1067	հիանալ	to admire	восхищаться	Հիանում եմ քո համբերությամբ — Восхищаюсь твоим терпением	Հիացանք տեսարանով — Мы восхитились видом
1068	կոշիկ	shoe	обувь, туфля	Նոր կոշիկներ գնեցի — Я купил новые туфли	Կոշիկներդ հանիր — Сними обувь
1069	խոշոր	huge	крупный, огромный	Խոշոր քաղաքներում կյանքը թանկ է — В крупных городах жизнь дорогая	
1070	ուտելիք	food	еда	Սեղանին շատ ուտելիք կար — На столе было много еды	
1071	գոհանալ	to content oneself	довольствоваться	Նա քչով է գոհանում — Он довольствуется малым	
1072	վկայական	diploma	свидетельство, аттестат	Ավարտելուց հետո վկայական ստացավ — После окончания он получил аттестат	
1073	ազնիվ	honest	честный	Նա ազնիվ մարդ է — Он честный человек	Ազնիվ խոսք — Честное слово
1074	զգույշ	careful, cautious	осторожный	Զգույշ եղիր ճանապարհին — Будь осторожен в дороге	Նա զգույշ վարում է — Он осторожно водит
1075	ճշմարիտ	true, genuine	истинный, подлинный	Դա ճշմարիտ պատմություն է — Это правдивая история	
1076	ծածկել	to cover	покрывать, накрывать	Ձյունը ծածկեց դաշտերը — Снег покрыл поля	Ծածկիր երեխային վերմակով — Укрой ребёнка одеялом
1077	փափուկ	soft	мягкий	Այս բազմոցը շատ փափուկ է — Этот диван очень мягкий	
1078	համբուրել	to kiss	целовать	Մայրը համբուրեց երեխային — Мать поцеловала ребёнка	
1079	պայծառ	bright	яркий; светлый	Պայծառ արև է շողում — Светит яркое солнце	Նա պայծառ միտք ունի — У него светлый ум
1080	կարոտ	in want of something, needing, wanting	тоскующий; тоска	Կարոտ եմ մնացել ընկերներիս — Я соскучился по друзьям	
1081	ապրես	attaboy!, well done!	молодец	Ապրես, լավ ես սովորել — Молодец, ты хорошо выучил	
1082	դասագիրք	textbook	учебник	Բացեք ձեր դասագրքերը — Откройте свои учебники	
1083	ժամացույց	watch, clock	часы	Նոր ժամացույց նվիրեցին ինձ — Мне подарили новые часы	Ժամացույցս կանգնել է — Мои часы остановились
1084	հաշվիչ	counting	калькулятор; счётчик	Հաշվիչով հաշվիր գումարը — Посчитай сумму на калькуляторе	Հոսանքի հաշվիչը փոխեցին — Поменяли счётчик электричества
1085	բաժակ	glass, cup	чашка, стакан	Մի բաժակ ջուր տուր — Дай стакан воды	Մի բաժակ սուրճ խմեցինք — Мы выпили по чашке кофе
1086	քաղցր	sweet	сладкий	Թեյը շատ քաղցր է — Чай очень сладкий	Ես քաղցր չեմ սիրում — Я не люблю сладкое
1087	կարկանդակ	pie	пирог, пирожок	Մայրիկը խնձորով կարկանդակ թխեց — Мама испекла яблочный пирог	
1088	աղ	salt	соль	Կերակուրին աղ ավելացրու — Добавь в еду соль	Աղը սեղանին է — Соль на столе
1089	տատիկ	grandma, granny	бабушка	Տատիկս հեքիաթներ է պատմում — Моя бабушка рассказывает сказки	
1090	նմանապես	similarly	так же; подобным образом	Այս կանոնը նմանապես գործում է այստեղ — Это правило так же действует здесь	
1091	պատահել	to meet accidentally, bump into	случайно встретить; случиться	Ճանապարհին պատահեցի հին ընկերոջս — По дороге я случайно встретил старого друга	Ի՞նչ է պատահել — Что случилось?
1092	խառնել	to stir, to mix	мешать, смешивать	Խառնիր թեյը գդալով — Помешай чай ложкой	Բոլոր բաղադրիչները խառնիր — Смешай все ингредиенты
1093	նախորդ	previous	предыдущий	Նախորդ դասը հիշո՞ւմ ես — Помнишь предыдущий урок?	
1094	ցածր	low	низкий	Ցածր ձայնով խոսիր — Говори тихим голосом	Գները ցածր են — Цены низкие
1095	անակնկալ	unexpected, unforeseen, sudden	неожиданный; сюрприз	Անակնկալ հյուրեր եկան — Пришли неожиданные гости	Քեզ համար անակնկալ ունեմ — У меня для тебя сюрприз
1096	հիսուն	fifty	пятьдесят	Նա հիսուն տարեկան է — Ему пятьдесят лет	
1097	անպայման	absolute, unconditional	обязательно; безусловный	Անպայման զանգիր ինձ — Обязательно позвони мне	
1098	պարզապես	simply, just	просто	Ես պարզապես հոգնել եմ — Я просто устал	
1099	դե	well, come on	ну, давай	Դե, գնացինք — Ну, пошли	Դե լավ, համաձայն եմ — Ну ладно, я согласен
1100	ամերիկացի	an American person	американец	Նա ամերիկացի է — Он американец	Ամերիկացիները շատ են ճանապարհորդում — Американцы много путешествуют
1101	պանիր	cheese	сыр	Հաց ու պանիր կերանք — Мы поели хлеб с сыром	
1102	ֆրանսիական	French	французский	Ֆրանսիական գինին հայտնի է — Французское вино знаменито	
1103	թուրքիա	Turkey	Турция	Նրանք հանգստացել են Թուրքիայում — Они отдыхали в Турции	
1104	քառասուն	forty	сорок	Դահլիճում քառասուն մարդ կար — В зале было сорок человек	
1105	պայուսակ	bag	сумка	Պայուսակս տանը եմ մոռացել — Я забыл сумку дома	
1106	զրույց	conversation, discussion, talk	беседа, разговор	Հետաքրքիր զրույց ունեցանք — У нас была интересная беседа	
1107	մար	Mede, inhabitant of historical Media	мидиец	Մարերը հին ժողովուրդ էին — Мидийцы были древним народом	
1108	ուսում	education, training, studies	учёба, образование	Նա ուսումը շարունակում է Երևանում — Он продолжает учёбу в Ереване	
1109	շաքար	sugar	сахар	Թեյիս մեջ շաքար մի դիր — Не клади сахар в мой чай	Մի կիլո շաքար առա — Я купил килограмм сахара
1110	թշնամի	enemy	враг	Նա թշնամիներ չունի — У него нет врагов	
1111	հիվանդանոց	hospital	больница	Նրան տարան հիվանդանոց — Его отвезли в больницу	Նա աշխատում է հիվանդանոցում — Он работает в больнице
1112	եփել	to boil, to cook in boiling water	варить	Մայրիկն ապուր է եփում — Мама варит суп	Ձու եփեցի նախաճաշին — Я сварил яйцо на завтрак
1113	իջնել	to descend, to come down	спускаться, сходить	Աստիճաններով իջանք ներքև — Мы спустились вниз по лестнице	Իջնում եմ հաջորդ կանգառում — Я выхожу на следующей остановке
1114	դուստր	daughter	дочь	Նրանք երկու դուստր ունեն — У них две дочери	
1115	բաժանվել	to divorce	разводиться, расставаться	Նրանք անցյալ տարի բաժանվեցին — Они развелись в прошлом году	
1116	հոդված	article	статья	Հետաքրքիր հոդված կարդացի — Я прочитал интересную статью	Օրենքի հինգերորդ հոդվածը — Пятая статья закона
1117	որս	hunt, hunting, catching, chase	охота	Նրանք որսի գնացին — Они пошли на охоту	
1118	կառուցել	to build, construct	строить	Այստեղ նոր դպրոց են կառուցում — Здесь строят новую школу	
1119	պատիվ	honour	честь	Դա մեծ պատիվ է ինձ համար — Это большая честь для меня	Նա պաշտպանեց իր պատիվը — Он защитил свою честь
1120	կտուր	roof	крыша	Տան կտուրը կարմիր է — Крыша дома красная	Կատուն կտուրին է — Кошка на крыше
1121	շտապել	to hurry	спешить	Շտապում եմ աշխատանքի — Я спешу на работу	Մի շտապիր, ժամանակ կա — Не спеши, время есть
1122	հաշիվ	reckoning; computation; calculation; enumeration; account	счёт	Խնդրում եմ, հաշիվը բերեք — Принесите, пожалуйста, счёт	Բանկային հաշիվ բացեցի — Я открыл банковский счёт
1123	թույն	cool, awesome, funky	классный, крутой (жарг.)	Թույն երգ է — Классная песня	Երեկույթը շատ թույն էր — Вечеринка была очень классной
1124	վայրկյան	second	секунда; миг	Մի վայրկյան սպասիր — Подожди секунду	Րոպեն ունի վաթսուն վայրկյան — В минуте шестьдесят секунд
1125	չորրորդ	fourthly	четвёртый; в-четвёртых	Մենք ապրում ենք չորրորդ հարկում — Мы живём на четвёртом этаже	
1126	գումար	sum	сумма; деньги	Մեծ գումար է պետք — Нужна большая сумма	Գումարը փոխանցեցի քո հաշվին — Я перевёл деньги на твой счёт
1127	վերաբերյալ	concerning, regarding	относительно, касательно	Հարցեր ունեմ ծրագրի վերաբերյալ — У меня вопросы относительно программы	
1128	աջ	right, not left	правый, направо	Խաչմերուկում թեքվիր աջ — На перекрёстке поверни направо	Աջ ձեռքս ցավում է — У меня болит правая рука
1129	բեռ	burden; load; freight; cargo, lading	груз; ноша	Մեքենան ծանր բեռ է տանում — Машина везёт тяжёлый груз	Դա ծանր բեռ է իմ ուսերին — Это тяжёлая ноша на моих плечах
1130	մեղք	sin	грех	Նա խոստովանեց իր մեղքերը — Он признался в своих грехах	
1131	գոհ	satisfied , content ; pleased	довольный	Ես գոհ եմ արդյունքից — Я доволен результатом	Ուսուցիչը գոհ է աշակերտներից — Учитель доволен учениками
1132	օրենք	law	закон	Օրենքը բոլորի համար է — Закон для всех	Նոր օրենք ընդունվեց — Был принят новый закон
1133	առյուծ	lion	лев	Առյուծին անվանում են գազանների արքա — Льва называют царём зверей	
1134	բնական	natural	естественный, натуральный	Դա բնական երևույթ է — Это естественное явление	Բնական հյութ եմ խմում — Я пью натуральный сок
1135	ներկայումս	now, at present	в настоящее время	Ներկայումս ապրում եմ Երևանում — В настоящее время я живу в Ереване	
1136	ակադեմիա	academy	академия	Նա աշխատում է Գիտությունների ակադեմիայում — Он работает в Академии наук	
1137	լապտեր	lantern, lamp	фонарь	Փողոցի լապտերները վառվեցին — Уличные фонари зажглись	
1138	շտեմարան	granary, garner; warehouse, storehouse	амбар, хранилище	Ցորենը պահում են շտեմարանում — Пшеницу хранят в амбаре	
1139	լցնել	to fill	наливать; наполнять	Ջուր լցրու բաժակի մեջ — Налей воду в стакан	Պայուսակը գրքերով լցրեց — Он наполнил сумку книгами
1140	փոս	hole, pit, hollow	яма	Ճանապարհին մեծ փոս կա — На дороге большая яма	
1141	գնահատել	to value, evaluate appreciate, estimate	оценивать; ценить	Ուսուցիչը գնահատեց աշխատանքը — Учитель оценил работу	Ես գնահատում եմ քո օգնությունը — Я ценю твою помощь
1142	տեղեկություն	the state of being informed	сведения, информация	Կարևոր տեղեկություն ստացանք — Мы получили важную информацию	
1143	սուր	sharp	острый	Այս դանակը շատ սուր է — Этот нож очень острый	Սուր ցավ զգացի — Я почувствовал острую боль
1144	գործոն	working, acting; influencing	фактор	Ժամանակը կարևոր գործոն է — Время важный фактор	
1145	հանգիստ	calm, tranquil, peaceful	спокойный; спокойно	Երեխան հանգիստ քնում է — Ребёнок спокойно спит	Հանգիստ եղիր, ամեն ինչ լավ է — Успокойся, всё хорошо
1146	պարույր	spiral, helix	спираль	Աստիճանը պարույրի ձև ունի — Лестница имеет форму спирали	
1147	ոչ ոք	no one	никто	Ոչ ոք չեկավ հանդիպմանը — Никто не пришёл на встречу	Ոչ ոք դա չգիտի — Никто этого не знает
1148	պահանջ	demand, claim	требование	Նրանց պահանջները արդար են — Их требования справедливы	Օրենքի պահանջները պետք է կատարել — Требования закона нужно выполнять
1149	քայլ	step, pace, stride; footstep	шаг	Մի քայլ առաջ արա — Сделай шаг вперёд	Դա ճիշտ քայլ էր — Это был правильный шаг
1150	ստեղծագործություն	work, product, composition, creation	произведение; творчество	Կոմիտասի ստեղծագործությունները հայտնի են — Произведения Комитаса известны	
1151	համեմատություն	comparison	сравнение	Համեմատություն արա երկու տարբերակների միջև — Сделай сравнение между двумя вариантами	
1152	հերթ	queue, line; turn	очередь	Խանութում մեծ հերթ էր — В магазине была большая очередь	Հիմա քո հերթն է — Теперь твоя очередь
1153	ինստիտուտ	institute	институт	Նա ընդունվեց ինստիտուտ — Он поступил в институт	
1154	դպրոցական	schoolchild, schoolboy, schoolgirl	школьник	Դպրոցականները արձակուրդի են — Школьники на каникулах	
1155	խոնարհ	humble, low, submissive	смиренный, скромный	Նա խոնարհ մարդ է — Он смиренный человек	
1156	վիշտ	sorrow, grief	горе, скорбь	Մեծ վիշտ ապրեցինք — Мы пережили большое горе	
1157	ակնհայտ	obvious, apparent, clear	очевидный	Ակնհայտ է, որ նա հոգնած է — Очевидно, что он устал	
1158	ավելացնել	to add	добавлять	Աղ ավելացրու ապուրին — Добавь соль в суп	Ուզում եմ մի բան ավելացնել — Хочу кое-что добавить
1159	դաստիարակություն	upbringing	воспитание	Երեխայի դաստիարակությունը հեշտ գործ չէ — Воспитание ребёнка нелёгкое дело	
1160	զարմանք	astonishment, surprise, wonder, amazement	удивление	Նա զարմանքով նայեց ինձ — Он с удивлением посмотрел на меня	
1161	թերի	defective, imperfect, incomplete	неполный, несовершенный	Աշխատանքը թերի է կատարված — Работа выполнена не полностью	
1162	օգտագործել	to use, utilize	использовать	Կարող ես օգտագործել իմ համակարգիչը — Можешь использовать мой компьютер	Ջուրը խնայողաբար օգտագործիր — Используй воду экономно
1163	մասնիկ	particle, small part	частица	Փոշու մասնիկներն օդում են — Частицы пыли в воздухе	
1164	շարահյուսություն	syntax	синтаксис	Շարահյուսությունն ուսումնասիրում է նախադասությունը — Синтаксис изучает предложение	
1165	հոմանիշ	synonym	синоним	Գտիր այս բառի հոմանիշը — Найди синоним этого слова	
1166	բառակապակցություն	collocation, word combination, phrase	словосочетание	Կազմիր բառակապակցություն այս բառերով — Составь словосочетание из этих слов	
1167	ամբողջություն	whole, entirety, integrity	целое, целостность	Տեքստը կարդա ամբողջությամբ — Прочитай текст целиком	Դա մեկ ամբողջություն է — Это единое целое
1168	տրամաբանական	logical	логичный, логический	Դա տրամաբանական հարց է — Это логичный вопрос	
1169	կազմ	ready, prepared	готовый, наготове	Կազմ ու պատրաստ սպասում էինք — Мы ждали в полной готовности	
1170	տարածքային	territorial	территориальный	Տարածքային վեճը դեռ չի լուծվել — Территориальный спор ещё не решён	
1171	սովորույթ	habit, custom	обычай	Դա հին հայկական սովորույթ է — Это старинный армянский обычай	
1172	ստորոգյալ	predicate	сказуемое	Գտիր նախադասության ստորոգյալը — Найди сказуемое в предложении	
1173	շաղկապ	that which binds together, bond	союз (грамматический)	Շաղկապները կապում են նախադասությունները — Союзы связывают предложения	
1174	քրիստոնեություն	Christianity	христианство	Հայաստանն առաջինն ընդունեց քրիստոնեությունը — Армения первой приняла христианство	
1175	հաշվել	to count	считать	Երեխան հաշվում է մինչև տասը — Ребёнок считает до десяти	Փողը հաշվեց երկու անգամ — Он посчитал деньги два раза
1176	դեղձ	peach	персик	Դեղձերն արդեն հասել են — Персики уже поспели	
1177	ցախավել	birch-broom	метла, веник	Բակն ավլում է ցախավելով — Он подметает двор метлой	
1178	հեշտ	it will be easy	лёгкий, легко	Այս վարժությունը հեշտ է — Это упражнение лёгкое	Հեշտ չէ միայնակ ապրելը — Нелегко жить одному
1179	նարնջագույն	orange	оранжевый	Նարնջագույն շապիկ է հագել — Он надел оранжевую футболку	
1180	դուր գալ	to be pleasant, to be enjoyable	нравиться	Այս երգը ինձ դուր է գալիս — Эта песня мне нравится	Ֆիլմը նրան դուր չեկավ — Фильм ему не понравился
1181	հուսահատ	desperate	отчаявшийся, отчаянный	Նա հուսահատ վիճակում էր — Он был в отчаянном состоянии	
1182	մետր	meter	метр	Սեղանը երկու մետր երկարություն ունի — Стол длиной два метра	
1183	կնճիթ	trunk	хобот	Փիղը երկար կնճիթ ունի — У слона длинный хобот	
1184	վտանգավոր	dangerous	опасный	Այստեղ լողալը վտանգավոր է — Здесь купаться опасно	
1185	աղմուկ	noise	шум	Փողոցից աղմուկ է լսվում — С улицы слышен шум	Երեխաները մեծ աղմուկ են անում — Дети сильно шумят
1186	թոշակ	stipend	пенсия; пособие	Պապիկս թոշակ է ստանում — Мой дедушка получает пенсию	Նա անցյալ տարի թոշակի անցավ — Он вышел на пенсию в прошлом году
1187	գեր	fat	толстый, полный	Նա մի քիչ գեր է — Он немного полный	
1188	քաջ	brave	храбрый	Նա քաջ զինվոր էր — Он был храбрым солдатом	
1189	տերև	leaf	лист	Աշնանը տերևները թափվում են — Осенью листья опадают	
1190	ծագել	to rise	восходить; возникать	Արևը ծագեց սարերի հետևից — Солнце взошло из-за гор	Խնդիրներ ծագեցին — Возникли проблемы
1191	շուշան	lily	лилия	Այգում սպիտակ շուշաններ են աճում — В саду растут белые лилии	
1192	առողջություն	health	здоровье	Ամենակարևորը առողջությունն է — Важнее всего здоровье	Ինչպե՞ս է ձեր առողջությունը — Как ваше здоровье?
1193	դիտել	to watch	смотреть	Երեկ ֆիլմ դիտեցինք — Вчера мы посмотрели фильм	Նա նորություններ է դիտում — Он смотрит новости
1194	գրասեղան	writing desk, desk	письменный стол	Գրքերը գրասեղանին են — Книги на письменном столе	
1195	պաղպաղակ	ice cream	мороженое	Երեխաները պաղպաղակ են ուտում — Дети едят мороженое	
1196	ովքեր	who	кто (мн. ч.)	Ովքե՞ր են եկել — Кто пришёл?	
1197	պապիկ	grandpa	дедушка	Պապիկս գյուղում է ապրում — Мой дедушка живёт в деревне	
1198	անձամբ	personally	лично	Ես անձամբ եմ ճանաչում նրան — Я лично знаю его	
1199	օրացույց	calendar	календарь	Օրացույցը կախված է պատին — Календарь висит на стене	
1200	ելույթ	speech	выступление, речь	Նրա ելույթը շատ տպավորիչ էր — Его выступление было очень впечатляющим	Նախագահը ելույթ ունեցավ — Президент выступил с речью
1201	ժողով	meeting, gathering; assembly	собрание; заседание	Այսօր ժողով ունենք — Сегодня у нас собрание	Ժողովը սկսվեց ժամը տասին — Собрание началось в десять часов
1202	ղեկավար	leader; manager; chief; head; director	руководитель; начальник	Մեր ղեկավարը շատ խիստ է — Наш руководитель очень строгий	
1203	հավաքույթ	gathering, meeting, rally	встреча; собрание	Երեկ ընտանեկան հավաքույթ էր — Вчера была семейная встреча	
1204	շուտով	soon, before long	скоро	Շուտով կգանք — Скоро придём	Շուտով ամառ է — Скоро лето
1205	գրասենյակ	office	офис	Նա աշխատում է գրասենյակում — Он работает в офисе	
1206	գաղափար	idea	идея	Լավ գաղափար ունեմ — У меня хорошая идея	Գաղափար չունեմ — Понятия не имею
1207	ուղղակի	just, simply	просто, прямо	Ես ուղղակի հոգնել եմ — Я просто устал	Ուղղակի ասա ճշմարտությունը — Просто скажи правду
1208	օրիորդ	girl; unmarried woman; maid, maiden; damsel	барышня; девица	Օրիորդը նստած էր պատուհանի մոտ — Барышня сидела у окна	
1209	ներողություն	forgiveness	извините	Ներողություն, ուշացա — Извините, я опоздал	Նա ներողություն խնդրեց ինձնից — Он попросил у меня прощения
1210	անգլիացի	Englishman, Englishwoman	англичанин	Նա անգլիացի է — Он англичанин	
1211	ռուսական	Russian	русский	Սիրում եմ ռուսական գրականություն — Я люблю русскую литературу	
1212	գերմանացի	German	немец	Նրա ընկերը գերմանացի է — Его друг немец	
1213	հույն	Greek	грек	Հույները հին պատմություն ունեն — У греков древняя история	
1214	պարսկերեն	of or pertaining to the Persian language	персидский (язык)	Նա պարսկերեն է սովորում — Он учит персидский	Նա լավ խոսում է պարսկերեն — Он хорошо говорит по-персидски
1215	քսաներորդ	twentiethly	двадцатый	Դա եղել է քսաներորդ դարում — Это было в двадцатом веке	
1216	հատակ	floor	пол	Գիրքն ընկավ հատակին — Книга упала на пол	Հատակը լվանում եմ — Я мою пол
1217	ամբիոն	pulpit, podium, lectern	трибуна; кафедра	Նա բարձրացավ ամբիոն — Он поднялся на трибуну	
1218	ձկնորս	fisher, fisherman	рыбак	Ձկնորսը մեծ ձուկ բռնեց — Рыбак поймал большую рыбу	
1219	կեսօր	midday, noon	полдень	Կեսօրին ճաշում ենք — В полдень мы обедаем	Բարի կեսօր — Добрый день
1220	լուսին	the Moon	луна	Լուսինը պայծառ է այս գիշեր — Луна яркая этой ночью	
1221	ինքնաթիռ	airplane	самолёт	Ինքնաթիռն ուշանում է — Самолёт опаздывает	
1222	խաբել	to lie	обманывать	Ինձ մի խաբիր — Не обманывай меня	Նա բոլորին խաբեց — Он всех обманул
1223	հարստություն	fortune, riches, wealth	богатство	Նա մեծ հարստություն ուներ — У него было большое богатство	
1224	օգնություն	help, assistance; aid; relief	помощь	Օգնության կարիք ունեմ — Мне нужна помощь	Շնորհակալ եմ օգնության համար — Спасибо за помощь
1225	հոգնակի	plural	множественное число	Այս գոյականը հոգնակի թիվ չունի — У этого существительного нет множественного числа	
1226	թարգմանել	to translate	переводить	Թարգմանիր այս նախադասությունը — Переведи это предложение	Նա գիրքը թարգմանել է հայերեն — Он перевёл книгу на армянский
1227	ծխել	to smoke	курить	Այստեղ ծխել չի կարելի — Здесь нельзя курить	Նա շատ է ծխում — Он много курит
1228	այրի	widowed	вдовый; вдова	Այրի կինը մենակ էր ապրում — Вдова жила одна	
1229	պատանի	adolescent, young, youthful	подросток; юный	Նա դեռ պատանի է — Он ещё подросток	
1230	արջ	bear	медведь	Անտառում արջ տեսանք — В лесу мы увидели медведя	
1231	դադար	rest	перерыв; пауза	Կարճ դադարից հետո շարունակեցինք — После короткой паузы мы продолжили	
1232	ընդամենը	altogether, in all, total	всего; всего лишь	Ընդամենը հինգ րոպե մնաց — Осталось всего пять минут	Նա ընդամենը տասը տարեկան է — Ему всего десять лет
1233	վերարկու	overcoat	пальто	Հագիր վերարկուդ, ցուրտ է — Надень пальто, холодно	
1234	կայսր	emperor	император	Հռոմի կայսրը հզոր էր — Римский император был могущественным	
1235	պալատ	palace	дворец	Թագավորն ապրում էր պալատում — Король жил во дворце	
1236	միջավայր	environment, atmosphere, medium	среда; окружение	Պետք է պահպանել շրջակա միջավայրը — Нужно охранять окружающую среду	Նա մեծացել է լավ միջավայրում — Он вырос в хорошей среде
1237	գամ	nail, spike, rivet	гвоздь	Նա պատին գամ խփեց — Он вбил гвоздь в стену	
1238	հունվար	January	январь	Հունվարին ձյուն է գալիս — В январе идёт снег	
1239	ապրիլ	April	апрель	Ապրիլին ծաղիկները բացվում են — В апреле распускаются цветы	
1240	հունիս	June	июнь	Հունիսին սկսվում է ամառը — В июне начинается лето	
1241	դոլար	dollar	доллар	Սա տասը դոլար արժե — Это стоит десять долларов	
1242	կոչել	to name	называть	Բոլորը նրան հերոս են կոչում — Все называют его героем	
1243	մոռանալ	to forget	забывать	Մի մոռացիր զանգել — Не забудь позвонить	Մոռացել եմ նրա անունը — Я забыл его имя
1244	վերև	up, upward	вверх, наверху	Նայիր վերև — Посмотри вверх	Նրանք ապրում են վերևում — Они живут наверху
1245	բաժանել	to divide	делить; раздавать	Խնձորը բաժանիր երկու մասի — Раздели яблоко на две части	Ուսուցիչը բաժանեց տետրերը — Учитель раздал тетради
1246	վարել	to plough, till	пахать	Գյուղացին վարում է հողը — Крестьянин пашет землю	
1247	մեղավոր	guilty	виноватый; виновный	Ես մեղավոր չեմ — Я не виноват	Մեղավորը դու ես — Виноват ты
1248	հեքիաթ	fairy tale, tale	сказка	Տատիկը հեքիաթ է պատմում — Бабушка рассказывает сказку	
1249	աղվես	fox	лиса	Աղվեսը շատ խորամանկ է — Лиса очень хитрая	
1250	պառկել	to lie, lie down	ложиться; лежать	Պառկիր ու հանգստացիր — Ляг и отдохни	Նա պառկած է բազմոցին — Он лежит на диване
1251	քաշ	weight	вес	Նրա քաշը ութսուն կիլո է — Его вес восемьдесят кило	
1252	ալիք	wave	волна	Ծովի ալիքները մեծ են — Морские волны большие	
1253	թանգարան	museum	музей	Գնացինք պատմության թանգարան — Мы пошли в музей истории	
1254	պատերազմ	war	война	Պատերազմն ավարտվեց — Война закончилась	
1255	հավատալ	to believe	верить	Ես քեզ հավատում եմ — Я тебе верю	Չեմ հավատում այդ լուրերին — Не верю этим слухам
1256	ապրանք	goods, product	товар	Խանութում նոր ապրանք կա — В магазине есть новый товар	
1257	միացյալ	united, joint	объединённый; соединённый	Նա ապրում է Միացյալ Նահանգներում — Он живёт в Соединённых Штатах	
1258	թագավորություն	kingdom, realm	королевство; царство	Հին թագավորությունը կործանվեց — Древнее царство пало	
1259	համաշխարհային	worldwide, universal, global	мировой; всемирный	Սկսվեց համաշխարհային ճգնաժամ — Начался мировой кризис	
1260	վահան	shield	щит	Զինվորը վահան էր կրում — Воин носил щит	
1261	ծեծել	to beat; to whip, lash; to thrash	бить; колотить	Երեխային ծեծել չի կարելի — Ребёнка нельзя бить	Ինչ-որ մեկը դուռն է ծեծում — Кто-то стучит в дверь
1262	նորություն	novelty, newness, the quality of being new	новость; новизна	Ի՞նչ նորություն կա — Какие новости?	Լավ նորություն ունեմ — У меня хорошая новость
1263	բարձրանալ	to rise, to ascend, to reascend, to surmount, to exceed, to surpass	подниматься	Բարձրացանք սարի գագաթը — Мы поднялись на вершину горы	Գները բարձրանում են — Цены растут
1264	իրականացնել	to realize, accomplish, fulfill, put into practice	осуществлять; реализовать	Նա իրականացրեց իր երազանքը — Он осуществил свою мечту	
1265	համոզված	sure, convinced, assured	уверенный; убеждённый	Համոզված եմ, որ կհաջողվի — Уверен, что получится	
1266	պատմվածք	story, tale	рассказ	Կարդացի մի հետաքրքիր պատմվածք — Я прочитал интересный рассказ	
1267	բժշկական	medical	медицинский	Նա սովորում է բժշկական համալսարանում — Он учится в медицинском университете	
1268	զինվոր	soldier	солдат	Զինվորը ծառայում է բանակում — Солдат служит в армии	
1269	մշտապես	constantly, always	постоянно	Նա մշտապես զբաղված է — Он постоянно занят	
1270	դասական	classical, classic	классический	Սիրում եմ դասական երաժշտություն — Я люблю классическую музыку	
1271	ազգ	nation, people	нация; народ	Հայ ազգը հին պատմություն ունի — У армянского народа древняя история	
1272	հանձնել	to pass over, to give, to transfer; to commit	сдавать; передавать	Վաղը քննություն եմ հանձնում — Завтра сдаю экзамен	Նամակը հանձնիր տնօրենին — Передай письмо директору
1273	կաթողիկոս	catholicos	католикос	Կաթողիկոսն ապրում է Էջմիածնում — Католикос живёт в Эчмиадзине	
1274	անմիջական	immediate, instant, direct	непосредственный; прямой	Նա շատ անմիջական մարդ է — Он очень непосредственный человек	
1275	ոմանք	some people	некоторые	Ոմանք համաձայն չեն — Некоторые не согласны	
1276	պատկերացում	idea, notion, conception	представление; понятие	Պատկերացում չունեմ — Понятия не имею	Նա հստակ պատկերացում ունի — У него ясное представление
1277	առնչվել	to relate to, to be connected with, to pertain	касаться; быть связанным	Հարցն առնչվում է կրթությանը — Вопрос касается образования	
1278	բազմազան	diverse, varied, various	разнообразный	Ծրագիրը շատ բազմազան էր — Программа была очень разнообразной	
1279	հաստ	thick, dense, broad	толстый	Հաստ գիրք եմ կարդում — Читаю толстую книгу	Ձմռանը հաստ հագուստ ենք հագնում — Зимой мы носим толстую одежду
1280	ազատություն	freedom	свобода	Ազատությունը թանկ արժե — Свобода дорого стоит	
1281	ժպիտ	smile	улыбка	Նա ժպիտով դիմավորեց մեզ — Он встретил нас с улыбкой	
1282	ծառայություն	service	служба; услуга	Զինվորական ծառայությունը երկու տարի է — Военная служба длится два года	Դու ինձ մեծ ծառայություն մատուցեցիր — Ты оказал мне большую услугу
1283	պարագա	circumstance; case	случай; обстоятельство	Այդ պարագայում ես կզանգեմ — В таком случае я позвоню	
1284	ցեղասպանություն	genocide	геноцид	Հայոց ցեղասպանությունը եղել է 1915 թվականին — Геноцид армян был в 1915 году	
1285	լռություն	silence	тишина; молчание	Սենյակում լռություն էր — В комнате была тишина	Լռությունը ոսկի է — Молчание это золото
1286	տվյալներ	data	данные	Լրացրու քո անձնական տվյալները — Заполни свои личные данные	
1287	կազմակերպել	to organize	организовать	Կազմակերպեցինք մեծ միջոցառում — Мы организовали большое мероприятие	
1288	հատ	piece	штука	Քանի՞ հատ ուզում ես — Сколько штук ты хочешь?	Երկու հատ տոմս գնեցի — Я купил два билета
1289	կարևորագույն	most important	важнейший	Սա կարևորագույն հարցն է — Это важнейший вопрос	
1290	հիմք	base; basis; foundation	основа; фундамент	Շենքի հիմքը ամուր է — Фундамент здания прочный	Ի՞նչ հիմքով ես դա ասում — На каком основании ты это говоришь?
1291	բարեկենդան	Carnival, Barekendan	Барекендан (Масленица)	Բարեկենդանը ուրախ տոն է — Барекендан это весёлый праздник	
1292	խեղճ	pitiful, wretched, deserving pity	бедный; несчастный	Խեղճ երեխան մրսել է — Бедный ребёнок замёрз	
1293	պոչ	tail	хвост	Շունը պոչն է շարժում — Собака виляет хвостом	
1294	մասնավոր	private, independent	частный	Նա մասնավոր դպրոցում է սովորում — Он учится в частной школе	
1295	իրականություն	reality	реальность; действительность	Երազանքը դարձավ իրականություն — Мечта стала реальностью	
1296	հրդեհ	fire	пожар	Անտառում հրդեհ է բռնկվել — В лесу вспыхнул пожар	
1297	գործուն	working, acting	действенный; активный	Նա գործուն մասնակցություն ունեցավ — Он принял активное участие	
1298	լրացուցիչ	additional	дополнительный	Լրացուցիչ հարցեր կա՞ն — Есть дополнительные вопросы?	
1299	ակնոց	glasses, spectacles, goggles	очки	Առանց ակնոցի չեմ կարող կարդալ — Без очков я не могу читать	Արևային ակնոց եմ գնել — Я купил солнечные очки
1300	ընդհանրապես	in general, generally; always, usually	вообще; в общем	Ես ընդհանրապես միս չեմ ուտում — Я вообще не ем мяса	
1301	նախնական	preliminary, original, primitive, initial, prior	предварительный; первоначальный	Սա նախնական տարբերակն է — Это предварительный вариант	
1302	որակ	quality	качество	Ապրանքի որակը բարձր է — Качество товара высокое	
1303	օժանդակ	auxiliary; subsidiary	вспомогательный	Հայերենում կա օժանդակ բայ — В армянском есть вспомогательный глагол	
1304	փոփոխություն	change, alteration	изменение	Ծրագրում փոփոխություններ կան — В программе есть изменения	
1305	զարգացում	development, progress	развитие	Տեխնոլոգիաների զարգացումը շատ արագ է — Развитие технологий очень быстрое	
1306	տարրական	elementary, primary	начальный; элементарный	Երեխան հաճախում է տարրական դպրոց — Ребёнок ходит в начальную школу	Սա տարրական հարց է — Это элементарный вопрос
1307	գիտաժողով	academic conference	научная конференция	Նա ելույթ ունեցավ գիտաժողովում — Он выступил на конференции	
1308	հրատ	fiery	огненный	Նրա հրատ հայացքը վախեցրեց ինձ — Его огненный взгляд испугал меня	
1309	այնուամենայնիվ	nevertheless, regardless, in any case, still	тем не менее; всё же	Այնուամենայնիվ, նա եկավ — Тем не менее он пришёл	
1310	տերմին	term	термин	Այս տերմինի իմաստը չգիտեմ — Я не знаю значения этого термина	
1311	փոխարինել	to substitute , to replace	заменять	Նոր աշխատակիցը փոխարինեց նրան — Новый сотрудник заменил его	
1312	կենտրոնական	central	центральный	Ապրում եմ կենտրոնական փողոցում — Живу на центральной улице	
1313	սեխ	cantaloup	дыня	Ամռանը սեխ ենք ուտում — Летом мы едим дыню	
1314	հապա	what about ...	ну-ка; а как же	Հապա ցույց տուր — Ну-ка покажи	Հապա դու ի՞նչ կասես — Ну а ты что скажешь?
1315	հայելի	mirror	зеркало	Նա նայեց հայելու մեջ — Она посмотрела в зеркало	
1316	տեսք	looks	вид; внешность	Նա հոգնած տեսք ունի — У него усталый вид	
1317	տանտիկին	homemaker	хозяйка дома	Տանտիկինը համեղ ճաշ էր պատրաստել — Хозяйка приготовила вкусный обед	
1318	երկարություն	length	длина	Սեղանի երկարությունը երկու մետր է — Длина стола два метра	
1319	հարվածել	to hit	ударять	Նա ուժեղ հարվածեց գնդակին — Он сильно ударил по мячу	
1320	տապալել	to subvert	свергать	Նրանք տապալեցին թագավորին — Они свергли короля	
1321	քաղաքավարի	polite	вежливый	Նա շատ քաղաքավարի մարդ է — Он очень вежливый человек	
1322	ընդունակ	capable	способный	Նա ընդունակ աշակերտ է — Он способный ученик	
1323	դերասան	actor	актёр	Նա հայտնի դերասան է — Он известный актёр	
1324	նկարիչ	artist-painter	художник	Նկարիչը նոր նկար է նկարում — Художник пишет новую картину	
1325	լեզվաբան	linguist	лингвист	Լեզվաբանը ուսումնասիրում է բարբառները — Лингвист изучает диалекты	
1326	ներկարար	painter	маляр	Ներկարարը ներկեց պատերը — Маляр покрасил стены	
1327	վարչապետ	premier	премьер-министр	Վարչապետը ելույթ ունեցավ — Премьер-министр выступил	
1328	քահանա	priest	священник	Քահանան ծառայում է եկեղեցում — Священник служит в церкви	
1329	ծածկվել	to get covered	покрываться	Սարերը ծածկվեցին ձյունով — Горы покрылись снегом	
1330	կրկնվել	to repeat itself	повторяться	Այս սխալը չպետք է կրկնվի — Эта ошибка не должна повторяться	Պատմությունը կրկնվում է — История повторяется
1331	մեխակ	carnation	гвоздика	Նրան մեխակներ նվիրեցի — Я подарил ей гвоздики	
1332	հեծանիվ	bicycle	велосипед	Երեխան հեծանիվ է քշում — Ребёнок катается на велосипеде	
1333	ցտեսություն	goodbye	до свидания	Ցտեսություն, մինչև վաղը — До свидания, до завтра	
1334	ռետին	eraser, rubber	ластик; резина	Ռետինով ջնջիր սխալը — Сотри ошибку ластиком	Անվադողերը ռետինից են — Шины сделаны из резины
1335	գարեջուր	beer	пиво	Սառը գարեջուր խմեցինք — Мы выпили холодного пива	
1336	իննսուն	ninety	девяносто	Տատիկս իննսուն տարեկան է — Моей бабушке девяносто лет	
1337	տանտեր	house owner, householder	хозяин дома; домовладелец	Տանտերը բարձրացրեց վարձը — Хозяин поднял арендную плату	
1338	աշխատակից	colleague, fellow worker	сотрудник	Նա մեր նոր աշխատակիցն է — Он наш новый сотрудник	
1339	տեսարան	spectacle, view, scene, sight	вид; сцена	Պատուհանից գեղեցիկ տեսարան է բացվում — Из окна открывается красивый вид	Ֆիլմի վերջին տեսարանը հուզիչ էր — Последняя сцена фильма была трогательной
1340	արվեստ	art	искусство	Նա սիրում է ժամանակակից արվեստ — Он любит современное искусство	
1341	էժան	cheap, inexpensive; low	дешёвый	Այս խանութում ամեն ինչ էժան է — В этом магазине всё дёшево	Էժան տոմս գնեցի — Я купил дешёвый билет
1342	համակարգիչ	computer	компьютер	Աշխատում եմ համակարգչով — Я работаю на компьютере	
1343	գունատ	pale, colorless	бледный	Դեմքդ գունատ է — Твоё лицо бледное	Նա գունատ տեսք ուներ — Он выглядел бледным
1344	գոնե	at least	хотя бы	Գոնե մի բառ ասա — Скажи хотя бы одно слово	Գոնե մեկ ժամ հանգստացիր — Отдохни хотя бы час
1345	տետր	copybook, exercise book	тетрадь	Նոր տետր գնեցի — Я купил новую тетрадь	Գրիր տետրիդ մեջ — Пиши в своей тетради
1346	իտալերեն	Italian	итальянский (язык)	Նա իտալերեն է սովորում — Он учит итальянский	
1347	չինաստան	China	Китай	Նա մեկ տարի ապրել է Չինաստանում — Он год жил в Китае	
1348	տասնմեկ	eleven	одиннадцать	Ժամը տասնմեկն է — Сейчас одиннадцать часов	
1349	տասնհինգ	fifteen	пятнадцать	Նա տասնհինգ տարեկան է — Ему пятнадцать лет	
1350	հազ	cough	кашель	Հազս չի անցնում — Мой кашель не проходит	
1351	հայագիտություն	Armenology	арменоведение	Նա զբաղվում է հայագիտությամբ — Он занимается арменоведением	
1352	ուս	shoulder	плечо	Նա ձեռքը դրեց ուսիս — Он положил руку мне на плечо	Ուսս ցավում է — У меня болит плечо
1353	անկողին	bed	постель	Երեխան արդեն անկողնում է — Ребёнок уже в постели	Անկողինդ հավաքիր — Заправь свою постель
1354	մուտք	entrance, entry	вход	Մուտքն ազատ է — Вход свободный	Մուտքի մոտ սպասիր ինձ — Жди меня у входа
1355	դաշնամուր	piano	пианино; рояль	Աղջիկը դաշնամուր է նվագում — Девочка играет на пианино	
1356	թուղթ	paper	бумага	Մի թերթ թուղթ տուր — Дай лист бумаги	Գրիր թղթի վրա — Напиши на бумаге
1357	նուրբ	fine, thin, slender, subtle, delicate	тонкий; нежный	Սա նուրբ գործվածք է — Это тонкая ткань	Նա նուրբ ճաշակ ունի — У него тонкий вкус
1358	համբերություն	patience	терпение	Համբերությունս վերջացավ — Моё терпение кончилось	Համբերություն ունեցիր — Имей терпение
1359	ողջույն	hello!, hi!	привет	Ողջույն, ինչպե՞ս ես — Привет, как дела?	
1360	շնորհավոր	congratulations	поздравляю; с праздником	Շնորհավոր ծնունդդ — С днём рождения	Շնորհավոր Նոր տարի — С Новым годом
1361	վայ	placed before a word to express one's view that something or someone is not wort	ой; ай	Վայ, մոռացել եմ — Ой, я забыл	Վայ, ինչ լավ է — Ой, как хорошо
1362	ապուր	soup	суп	Մայրիկն ապուր է եփում — Мама варит суп	
1363	խաղող	grapevine, vine	виноград	Խաղողը շատ քաղցր է — Виноград очень сладкий	Աշնանը խաղող ենք քաղում — Осенью мы собираем виноград
1364	քոնը	yours	твой	Այս գիրքը քոնն է — Эта книга твоя	
1365	հարգել	to respect, to esteem, to honour	уважать	Ես հարգում եմ քո կարծիքը — Я уважаю твоё мнение	Մեծերին պետք է հարգել — Старших нужно уважать
1366	պահարան	cupboard	шкаф	Հագուստը կախիր պահարանում — Повесь одежду в шкаф	
1367	գագաթ	top, apex, summit, crest, peak	вершина	Հասանք սարի գագաթին — Мы добрались до вершины горы	
1368	սնունդ	food	еда; питание	Առողջ սնունդը կարևոր է — Здоровое питание важно	
1369	զույգ	forming a pair	пара	Մի զույգ կոշիկ գնեցի — Я купил пару обуви	Նրանք գեղեցիկ զույգ են — Они красивая пара
1370	աք	leg	нога; лапка	Թռչունի աքը վնասված էր — Лапка птицы была повреждена	
1371	շապիկ	shirt	рубашка	Սպիտակ շապիկ եմ հագել — Я надел белую рубашку	
1372	ճերմակ	white	белый	Ճերմակ ձյուն է եկել — Выпал белый снег	
1373	մուկ	mouse	мышь	Կատուն մուկ բռնեց — Кот поймал мышь	
1374	մկան	muscle	мышца	Մարզումից հետո մկաններս ցավում են — После тренировки у меня болят мышцы	
1375	գալուստ	coming, arrival; advent	приход; прибытие	Սպասում ենք գարնան գալուստին — Мы ждём прихода весны	
1376	կարկուտ	hail	град	Երեկ ուժեղ կարկուտ եկավ — Вчера шёл сильный град	
1377	նվիրել	to present, donate, gift	дарить	Մայրիկիս ծաղիկներ նվիրեցի — Я подарил маме цветы	Ի՞նչ նվիրենք նրան — Что мы ему подарим?
1378	մաղթել	to wish something to someone	желать (кому-либо)	Հաջողություն եմ մաղթում քեզ — Желаю тебе успеха	Քեզ առողջություն եմ մաղթում — Желаю тебе здоровья
1379	սեպտեմբեր	September	сентябрь	Դպրոցը սկսվում է սեպտեմբերին — Школа начинается в сентябре	
1380	ուրախանալ	to become happy, to feel happiness, to cheer up	радоваться	Շատ ուրախացա քեզ տեսնելով — Я очень обрадовался, увидев тебя	Երեխաներն ուրախանում են ձյունով — Дети радуются снегу
1381	երգիչ	singer	певец	Նա հայտնի երգիչ է — Он известный певец	
1382	մարմին	body	тело	Մարմինս ցավում է — У меня болит тело	
1383	կուրծք	breast; bosom; tit; bust	грудь	Կուրծքս ցավում է — У меня болит грудь	
1384	վիզ	neck	шея	Վիզս ցավում է — У меня болит шея	
1385	կոչ	call	призыв	Կառավարությունը կոչ արեց հանգիստ մնալ — Правительство призвало сохранять спокойствие	
1386	հպարտ	proud	гордый	Ես հպարտ եմ քեզնով — Я горжусь тобой	
1387	ետև	back	назад; сзади	Նայիր ետև — Посмотри назад	Տան ետևում այգի կա — За домом есть сад
1388	մեջտեղ	middle, midst	середина, посередине	Կանգնիր սենյակի մեջտեղում — Встань посередине комнаты	
1389	հանուն	in the name of, in behalf of	во имя; ради	Նա հանուն սիրո ամեն ինչ կանի — Ради любви он сделает всё	
1390	շունչ	breath	дыхание	Խորը շունչ քաշիր — Сделай глубокий вдох	Շունչս կտրվեց վազելուց — Я запыхался от бега
1391	դատարկ	empty	пустой	Շիշը դատարկ է — Бутылка пустая	Դրանք դատարկ խոսքեր են — Это пустые слова
1392	մոտեցնել	to bring closer	приближать; придвигать	Աթոռը մոտեցրու սեղանին — Придвинь стул к столу	
1393	փառք	fame, glory, renown	слава	Փառք Աստծո, բոլորն ողջ են — Слава Богу, все живы	Նա մեծ փառք վաստակեց — Он заслужил большую славу
1394	դրսևորել	to display, to exhibit, demonstrate	проявлять	Նա մեծ քաջություն դրսևորեց — Он проявил большую смелость	
1395	առողջ	healthy	здоровый	Երեխան առողջ է ծնվել — Ребёнок родился здоровым	Նա առողջ ապրելակերպ է վարում — Он ведёт здоровый образ жизни
1396	նշան	sign, mark	знак; метка	Սա լավ նշան է — Это хороший знак	Ուշադիր եղիր ճանապարհային նշաններին — Будь внимателен к дорожным знакам
1397	կոտ	barrel or cask, often used as a standard size of measure	старинная мера; кадка	Մի կոտ ցորեն բերեցին — Принесли меру пшеницы	
1398	ատել	to hate	ненавидеть	Ատում եմ ուշանալը — Ненавижу опаздывать	Նա ատում է ստելը — Он ненавидит врать
1399	փայտ	wood ; firewood	дерево (материал); дрова	Սեղանը փայտից է պատրաստված — Стол сделан из дерева	Ձմռան համար փայտ ենք հավաքում — Собираем дрова на зиму
1400	ախ	an exclamation of pain, grief, yearning, or regret	ах; ох	Ախ, ինչքան հոգնել եմ — Ах, как я устал	Ախ, երանի իմանայի — Ах, если бы я знал
1401	նետել	to throw, to cast	бросать, кидать	Քարը նետեց ջուրը — Он бросил камень в воду	Գնդակը ինձ նետիր — Брось мне мяч
1402	ուղտ	camel	верблюд	Ուղտն ապրում է անապատում — Верблюд живёт в пустыне	
1403	զրուցել	to talk to, to talk with	беседовать, разговаривать	Ընկերոջս հետ երկար զրուցեցի — Я долго беседовал с другом	
1404	զավակ	child, offspring	ребёнок, чадо	Նրանք երեք զավակ ունեն — У них трое детей	
1405	հանդիպել	to meet, to encounter	встречаться; встретить	Վաղը կհանդիպենք — Завтра встретимся	Ճանապարհին ընկերոջս հանդիպեցի — По дороге я встретил друга
1406	ոք	someone, somebody	кто-либо, кто-нибудь	Ոչ ոք չեկավ — Никто не пришёл	Որևէ ոք տեսե՞լ է նրան — Кто-нибудь его видел?
1407	տոն	holiday; feast; festive occasion	праздник	Այս տոնը բոլորս ենք սիրում — Этот праздник мы все любим	
1408	ուղղել	to correct, straighten	исправлять; выпрямлять	Ուսուցիչը սխալներս ուղղեց — Учитель исправил мои ошибки	Մեջքդ ուղղիր — Выпрями спину
1409	աման	alas! oh!	ой; ах	Աման, ուշանում եմ — Ой, я опаздываю	
1410	խաչ	cross	крест	Եկեղեցու գմբեթին խաչ կա — На куполе церкви есть крест	
1411	գաղտնիք	secret	секрет, тайна	Դա մեծ գաղտնիք է — Это большая тайна	Գաղտնիքը ոչ մեկին մի ասա — Никому не говори секрет
1412	հայտարարել	to announce, to declare	объявлять, заявлять	Արդյունքները երեկ հայտարարեցին — Результаты объявили вчера	
1413	լրագիր	newspaper	газета	Ամեն առավոտ լրագիր եմ կարդում — Каждое утро я читаю газету	
1414	բաժին	share, portion	доля, часть	Իր բաժինը ստացավ — Он получил свою долю	
1415	մերժել	to refuse, reject	отказывать, отвергать	Խնդրանքս մերժեցին — Мою просьбу отклонили	
1416	եզ	ox	вол	Գյուղացին երկու եզ ունի — У крестьянина два вола	
1417	լեզվաընտանիք	language family	языковая семья	Հայերենը մտնում է հնդեվրոպական լեզվաընտանիքի մեջ — Армянский входит в индоевропейскую языковую семью	
1418	կրոն	religion	религия	Ամեն ժողովուրդ իր կրոնն ունի — У каждого народа своя религия	
1419	հսկա	gigantic, giant	огромный, гигантский	Հսկա ալիք բարձրացավ — Поднялась огромная волна	
1420	ընտիր	select, selected, choice; picked	отборный, отличный	Ընտիր խաղող են հավաքել — Собрали отборный виноград	
1421	բնիկ	native, indigenous	коренной	Նա Երևանի բնիկ բնակիչ է — Он коренной житель Еревана	
1422	ենթարկվել	to obey, submit	подчиняться	Հրամանին պետք է ենթարկվել — Приказу нужно подчиняться	
1423	հավասարապես	equally, evenly	поровну; одинаково	Գումարը հավասարապես բաժանեցինք — Мы разделили деньги поровну	
1424	սևան	Sevan	Севан	Ամռանը Սևան ենք գնում — Летом мы ездим на Севан	
1425	սկիզբ	beginning, start; commencement	начало	Ֆիլմի սկիզբը հետաքրքիր էր — Начало фильма было интересным	
1426	ճնշում	pressure	давление	Ճնշումս բարձրացել է — У меня поднялось давление	Ճնշում են գործադրում նրա վրա — На него оказывают давление
1427	սահմանափակում	limitation	ограничение	Նոր սահմանափակումներ մտցրին — Ввели новые ограничения	
1428	իսկույն	forthwith, immediately, instantly	тотчас, немедленно	Իսկույն պատասխանեց նամակին — Он тотчас ответил на письмо	
1429	կատարյալ	perfect, flawless, immaculate	совершенный, идеальный	Կատարյալ եղանակ է — Погода идеальная	
1430	դրություն	condition, state	положение, состояние	Նյութական դրությունը լավացավ — Материальное положение улучшилось	
1431	աղոթել	to pray	молиться	Տատիկը ամեն երեկո աղոթում է — Бабушка молится каждый вечер	
1432	շնորհ	grace, kindness, favour	дар; милость	Երգելու շնորհ ունի — У него дар пения	
1433	տնկել	to plant	сажать	Այգում ծառեր տնկեցինք — Мы посадили деревья в саду	
1434	վայել	seemly, proper, becoming	подобающий, приличествующий	Դա քեզ վայել չէ — Это тебе не подобает	
1435	այնուհետև	thenceforward, thenceforth, thereafter	затем, впоследствии	Այնուհետև բոլորը տուն գնացին — Затем все пошли домой	
1436	խելոք	smart, clever, intelligent	умный	Շատ խելոք երեխա է — Он очень умный ребёнок	
1437	վրան	tent, tabernacle	палатка; шатёр	Լճի ափին վրան խփեցինք — Мы поставили палатку на берегу озера	
1438	ահագին	very big	огромный, изрядный	Ահագին գումար ծախսվեց — Была потрачена огромная сумма	
1439	հացի	ash tree	ясень	Բակում բարձր հացի է աճում — Во дворе растёт высокий ясень	
1440	կետ	odd	нечётный	Կետ թվերը երկուսի չեն բաժանվում — Нечётные числа не делятся на два	
1441	բարակ	thin	тонкий	Բարակ թելը կտրվեց — Тонкая нить порвалась	
1442	անաղարտ	unaltered; intact; untouched; unadulterated	нетронутый, чистый	Անաղարտ բնության մեջ հանգստացանք — Мы отдыхали среди нетронутой природы	
1443	դիրք	position	позиция, положение	Զինվորները դիրքերն ամրացրին — Солдаты укрепили позиции	
1444	դեպք	incident, event, occurrence	случай, происшествие	Տարօրինակ դեպք պատահեց — Произошёл странный случай	Ամեն դեպքում կզանգեմ — В любом случае я позвоню
1445	եզակի	unique; singular (gram.)	уникальный, единственный; единственное число (грам.)	Եզակի հնարավորություն է — Это уникальная возможность	Գոյականը եզակի թվով է — Существительное стоит в единственном числе
1446	ժխտական	rejecting, refusing, declining	отрицательный	Ժխտական պատասխան ստացանք — Мы получили отрицательный ответ	
1447	իրոք	really, truly, indeed	действительно, в самом деле	Իրոք լավ միտք է — Действительно хорошая мысль	
1448	հստակ	clean, clear, serene	чёткий, ясный	Հստակ պատասխան տվեց — Он дал чёткий ответ	
1449	ձեռնարկ	manual, handbook, guide	пособие, руководство	Ուսումնական ձեռնարկ գնեցի — Я купил учебное пособие	
1450	մակաբույծ	parasitic	паразитический; паразит	Մակաբույծ միջատները վնասում են բույսերին — Паразитические насекомые вредят растениям	
1451	շրջանակ	frame	рамка; рамки	Նկարը գեղեցիկ շրջանակի մեջ է — Картина в красивой рамке	Օրենքի շրջանակներում ենք գործում — Мы действуем в рамках закона
1452	պայմանական	conditional	условный	Պայմանական նշաններ ենք օգտագործում — Мы используем условные знаки	
1453	արտասանել	to pronounce ; to articulate	произносить	Այս բառը դժվար է արտասանել — Это слово трудно произнести	
1454	հավելված	appendix, supplement, addendum, enclosure	приложение, дополнение	Գրքի վերջում հավելված կա — В конце книги есть приложение	
1455	գործառույթ	function	функция	Հեռախոսը շատ գործառույթներ ունի — У телефона много функций	
1456	հրամայական	imperative	повелительный	Հրամայական տոնով խոսեց — Он говорил повелительным тоном	Բայը հրամայական եղանակով է — Глагол стоит в повелительном наклонении
1457	լեզվաբանական	linguistic	лингвистический	Լեզվաբանական հետազոտություն է կատարում — Он проводит лингвистическое исследование	
1458	առկայություն	presence, attendance	наличие	Սխալների առկայությունը ակնհայտ է — Наличие ошибок очевидно	
1459	տիպ	type, kind	тип	Նոր տիպի սարք գնեցինք — Мы купили прибор нового типа	
1460	բուհ	acronym of բարձրագույն ուսումնական հաստատություն	вуз	Որդիս բուհում է սովորում — Мой сын учится в вузе	
1461	միտում	tendency	тенденция	Գների աճի միտում կա — Есть тенденция роста цен	
1462	զանգված	mass; array	масса; массив	Մարմնի զանգվածը չափեցինք — Мы измерили массу тела	
1463	օգտագործում	use, usage, utilization	использование	Ջրի խնայողական օգտագործումը կարևոր է — Экономное использование воды важно	
1464	իրավիճակ	situation	ситуация	Իրավիճակը աստիճանաբար լավանում է — Ситуация постепенно улучшается	
1465	փոխաբերական	metaphorical; figurative	переносный, метафорический	Բառը փոխաբերական իմաստով է գործածված — Слово употреблено в переносном смысле	
1466	ածանց	affix	аффикс	Այս բառը ածանց ունի — В этом слове есть аффикс	
1467	փոշի	dust	пыль	Դարակներին փոշի է նստել — На полках осела пыль	
1468	առատություն	abundance	изобилие	Սեղանին ուտելիքի առատություն կար — На столе было изобилие еды	
1469	սալոր	plum	слива	Սալորները դեռ չեն հասունացել — Сливы ещё не созрели	
1470	հեշտություն	easiness, ease	лёгкость	Հեշտությամբ լուծեց խնդիրը — Он с лёгкостью решил задачу	
1471	փոխվել	to change	меняться	Եղանակը կտրուկ փոխվեց — Погода резко изменилась	
1472	նկարչուհի	painter (fem.)	художница	Նա տաղանդավոր նկարչուհի է — Она талантливая художница	
1473	չվել	to fly over	улетать, мигрировать	Աշնանը թռչունները չվում են հարավ — Осенью птицы улетают на юг	
1474	հարավ	south	юг	Քամին հարավից է փչում — Ветер дует с юга	
1475	օձ	snake	змея	Քարի տակ օձ կար — Под камнем была змея	
1476	երևալ	to be seen	виднеться, показываться	Հեռվից սարերը երևում են — Издалека видны горы	Երևում է, որ հոգնել ես — Видно, что ты устал
1477	գորշ	gray	серый	Գորշ գայլը անտառում է ապրում — Серый волк живёт в лесу	
1478	ընկերական	friendly	дружеский	Ընկերական խորհուրդ կտամ — Дам дружеский совет	
1479	անարդար	unjust	несправедливый	Որոշումը անարդար էր — Решение было несправедливым	
1480	մտավոր	mental	умственный	Մտավոր աշխատանքը հոգնեցնում է — Умственный труд утомляет	
1481	դերձակ	dressmaker	портной	Դերձակը նոր կոստյում կարեց — Портной сшил новый костюм	
1482	ճարտարագետ	engineer	инженер	Եղբայրս ճարտարագետ է աշխատում — Мой брат работает инженером	
1483	թղթակից	reporter, correspondent	корреспондент, репортёр	Թղթակիցը հարցազրույց վերցրեց — Корреспондент взял интервью	
1484	քարտուղար	secretary (male)	секретарь	Քարտուղարը զանգերին է պատասխանում — Секретарь отвечает на звонки	
1485	կոշկակար	shoemaker	сапожник	Կոշկակարը կոշիկներս նորոգեց — Сапожник починил мои туфли	
1486	ծույլ	lazy	ленивый	Ծույլ աշակերտը դասերը չի սովորում — Ленивый ученик не учит уроки	
1487	նիհար	slim	худой, стройный	Նա նիհար ու բարձրահասակ է — Он худой и высокий	
1488	բարձրահասակ	tall	высокий, рослый	Բարձրահասակ տղան բասկետբոլ է խաղում — Высокий парень играет в баскетбол	
1489	տհաճ	unpleasant	неприятный	Տհաճ հոտ էր գալիս — Стоял неприятный запах	
1490	ճյուղ	branch	ветка; отрасль	Ծառի ճյուղը կոտրվեց — Ветка дерева сломалась	Տնտեսության կարևոր ճյուղ է — Это важная отрасль экономики
1491	հով	wind	ветерок; прохлада	Ծառերի տակ հով է — Под деревьями прохладно	Թեթև հով էր փչում — Дул лёгкий ветерок
1492	փայլել	to shine	блестеть, сиять	Աստղերը երկնքում փայլում են — Звёзды сияют в небе	
1493	պոկել	to pick	срывать, отрывать	Ծառից խնձոր պոկեց — Он сорвал с дерева яблоко	
1494	վերջանալ	to end	кончаться	Դասերը ուշ վերջացան — Уроки закончились поздно	Փողս վերջացավ — У меня кончились деньги
1495	ազատվել	to break away	избавляться; освобождаться	Վատ սովորությունից ազատվեց — Он избавился от вредной привычки	
1496	շնորհավորել	congratulate	поздравлять	Ընկերոջս ծնունդը շնորհավորեցի — Я поздравил друга с днём рождения	
1497	գրատախտակ	blackboard	школьная доска	Ուսուցիչը գրատախտակին վարժություն գրեց — Учитель написал на доске упражнение	
1498	թան	tan	тан (напиток)	Ամռանը սառը թան ենք խմում — Летом мы пьём холодный тан	
1499	համակրելի	likeable, pleasant, nice	симпатичный, приятный	Շատ համակրելի մարդ է — Он очень приятный человек	
1500	վերջերս	recently, lately, in the last few days	недавно, в последнее время	Վերջերս նրան չեմ տեսել — В последнее время я его не видел	
1501	վերջնական	final, last, ultimate	окончательный	Վերջնական որոշումը վաղը կլինի — Окончательное решение будет завтра	
1502	ջերմություն	heat, warmth	тепло, теплота	Արևի ջերմությունը զգացվում է — Чувствуется тепло солнца	Նրա ձայնում ջերմություն կար — В его голосе была теплота
1503	գարի	barley	ячмень	Դաշտում գարի են ցանել — В поле посеяли ячмень	
1504	ընթրիք	supper	ужин	Ընթրիքից հետո զբոսնեցինք — После ужина мы погуляли	
1505	հաճույք	pleasure	удовольствие	Մեծ հաճույքով կօգնեմ — С большим удовольствием помогу	
1506	երեկոյան	evening	вечером; вечерний	Երեկոյան հյուրեր են գալու — Вечером придут гости	
1507	ամուսնություն	marriage, matrimony, wedlock	брак, супружество	Նրանց ամուսնությունը երջանիկ է — Их брак счастлив	
1508	ենթադրել	to suppose, assume, presume	предполагать	Ենթադրում եմ, որ կուշանա — Предполагаю, что он опоздает	
1509	գերմանուհի	a German woman	немка	Մեր հարևանուհին գերմանուհի է — Наша соседка немка	
1510	վրաստան	Georgia	Грузия	Ամռանը Վրաստան գնացինք — Летом мы поехали в Грузию	
1511	վաթսուն	sixty	шестьдесят	Պապս վաթսուն տարեկան է — Моему деду шестьдесят лет	
1512	յոթանասուն	seventy	семьдесят	Դահլիճում յոթանասուն մարդ կար — В зале было семьдесят человек	
1513	ութսուն	eighty	восемьдесят	Մատիտը ութսուն դրամ արժե — Карандаш стоит восемьдесят драмов	
1514	հանում	subtraction, withdrawal, drawing out	вычитание	Գումարում ու հանում ենք սովորում — Мы учим сложение и вычитание	
1515	բաժանում	parting, dividing, division	деление; расставание	Բաժանումը երկուսին էլ ցավ պատճառեց — Расставание причинило боль обоим	Այսօր բաժանում անցանք — Сегодня мы проходили деление
1516	նկարել	to draw, to depict, to paint	рисовать	Երեխան ծաղիկ է նկարում — Ребёнок рисует цветок	
1517	վագր	tiger	тигр	Վագրը ջունգլիներում է ապրում — Тигр живёт в джунглях	
1518	առաստաղ	ceiling	потолок	Առաստաղը սպիտակ ներկեցինք — Мы покрасили потолок в белый цвет	
1519	բազմոց	sofa, couch	диван	Կատուն քնած է բազմոցին — Кот спит на диване	
1520	ստախոս	lying, mendacious	лживый; лжец	Ստախոս մարդուն ոչ ոք չի հավատում — Лживому человеку никто не верит	
1521	տղամարդ	man, adult male	мужчина	Մի տղամարդ ներս մտավ — Вошёл какой-то мужчина	
1522	սոված	hungry	голодный	Շատ սոված եմ — Я очень голоден	
1523	կարագ	butter	сливочное масло	Հացին կարագ քսեցի — Я намазал масло на хлеб	
1524	ձու	egg	яйцо	Նախաճաշին երկու ձու կերա — На завтрак я съел два яйца	
1525	չու	group movement from one place to another, group journey	перелёт, миграция	Սկսվեց թռչունների չուն — Начался перелёт птиц	
1526	խաղաղ	peaceful	мирный; спокойный	Խաղաղ կյանք ենք ուզում — Мы хотим мирной жизни	Ծովը այսօր խաղաղ է — Море сегодня спокойное
1527	խաղաղություն	peace	мир	Բոլորը խաղաղություն են ուզում — Все хотят мира	
1528	քննել	to examine, inspect, study	рассматривать, исследовать	Հանձնաժողովը հարցը քննեց — Комиссия рассмотрела вопрос	
1529	հոգս	worry, care	забота, хлопоты	Ընտանիքի հոգսերը շատ են — Забот у семьи много	
1530	բազե	hawk; falcon	сокол; ястреб	Բազեն երկնքում պտտվում էր — Сокол кружил в небе	
1531	եկ	the act of coming, arrival	приход, прибытие	Գարնան եկին են սպասում — Ждут прихода весны	
1532	բուրդ	wool	шерсть	Գուլպաները բրդից են — Носки из шерсти	
1533	որսալ	to hunt	охотиться; ловить	Կատուն մուկ է որսում — Кошка ловит мышь	
1534	անորոշ	indefinite, indistinct, vague	неопределённый	Անորոշ պատասխան տվեց — Он дал неопределённый ответ	
1535	տարր	element	элемент	Ջրածինը քիմիական տարր է — Водород является химическим элементом	
1536	ճանճ	fly	муха	Ճանճը նստեց սեղանին — Муха села на стол	
1537	փեշ	lap, hem, skirt	подол	Երեխան բռնել էր մոր փեշից — Ребёнок держался за подол матери	
1538	վարդագույն	pink	розовый	Վարդագույն զգեստ հագավ — Она надела розовое платье	
1539	մուգ	dark, deep	тёмный	Մուգ կապույտ վերարկու գնեց — Он купил тёмно-синее пальто	
1540	կեսգիշեր	midnight	полночь	Կեսգիշերին դեռ արթուն էի — В полночь я ещё не спал	
1541	հանձնարարել	to commit, charge with, entrust, assign	поручать	Ինձ կարևոր գործ հանձնարարեցին — Мне поручили важное дело	
1542	լուսամուտ	window	окно	Լուսամուտից փողոցն է երևում — Из окна видна улица	
1543	սիրահարվել	to fall in love	влюбиться	Նա սիրահարվեց դասընկերուհուն — Он влюбился в одноклассницу	
1544	սարքել	to repair	чинить, ремонтировать	Հայրս մեքենան ինքն է սարքում — Отец сам чинит машину	
1545	ճաշել	to dine, to have dinner	обедать	Միասին ճաշեցինք սրճարանում — Мы вместе пообедали в кафе	
1546	առած	proverb	пословица	Հայկական հին առած է — Это старая армянская пословица	
1547	երկուշաբթի	Monday	понедельник	Երկուշաբթի օրը դասերը սկսվում են — В понедельник начинаются занятия	
1548	արևելք	east	восток	Արևը ծագում է արևելքից — Солнце восходит на востоке	
1549	խոտ	grass	трава	Երեխաները խոտի վրա նստեցին — Дети сели на траву	
1550	յոթերորդ	seventhly	седьмой	Յոթերորդ դասարանում է սովորում — Он учится в седьмом классе	
1551	պարտեզ	garden	сад	Պարտեզում վարդեր են աճում — В саду растут розы	
1552	հոդ	there	там	Հոդ ոչինչ չկա — Там ничего нет	
1553	ծունկ	knee	колено	Ծունկս ցավում է — У меня болит колено	
1554	քիթ	nose	нос	Ցրտից քիթս կարմրեց — От холода мой нос покраснел	
1555	վաճառել	to sell	продавать	Նրանք տունը վաճառեցին — Они продали дом	
1556	ավտոմեքենա	automobile	автомобиль, машина	Նոր ավտոմեքենա գնեցինք — Мы купили новый автомобиль	
1557	դանակ	knife	нож	Դանակով հաց կտրեցի — Я нарезал хлеб ножом	
1558	ներքև	down	вниз, внизу	Ներքև իջիր — Спустись вниз	Նրանք ապրում են ներքևում — Они живут внизу
1559	կարել	Karelian	карел; карельский	Կարելները ապրում են Ռուսաստանի հյուսիսում — Карелы живут на севере России	
1560	մոտենալ	to approach, to draw near, to move towards	приближаться	Գնացքը մոտենում է կայարանին — Поезд приближается к станции	
1561	կշիռ	weight	вес	Կշիռս մի քիչ ավելացել է — Мой вес немного увеличился	
1562	նույնքան	as, equally, just as	столько же; так же	Ես նույնքան գումար ունեմ — У меня столько же денег	Նա նույնքան հոգնած է — Он так же устал
1563	որչափ	how much, how many	сколько; насколько	Որչա՞փ ժամանակ է պետք — Сколько нужно времени?	
1564	նվազ	less	меньший; менее	Ոչ նվազ կարևոր հարց է — Это не менее важный вопрос	
1565	պատասխանատու	responsible	ответственный	Նա շատ պատասխանատու աշխատող է — Он очень ответственный работник	
1566	անմեղ	innocent, guiltless	невинный, невиновный	Դատարանը նրան անմեղ ճանաչեց — Суд признал его невиновным	
1567	դժգոհ	displeased, dissatisfied, discontented	недовольный	Արդյունքից դժգոհ մնացի — Я остался недоволен результатом	
1568	բույր	aroma, fragrance, pleasant smell	аромат, благоухание	Ծաղիկների բույրը տարածվեց սենյակում — Аромат цветов распространился по комнате	
1569	վայելել	to enjoy	наслаждаться	Վայելում ենք ամառային արձակուրդը — Мы наслаждаемся летним отпуском	
1570	աշխատող	worker, employee	работник, сотрудник	Գործարանի աշխատողները հավաքվեցին — Работники завода собрались	
1571	հաչել	to bark	лаять	Շունը ամբողջ գիշեր հաչում էր — Собака лаяла всю ночь	
1572	ազատել	to free	освобождать	Գերիներին վերջապես ազատեցին — Пленных наконец освободили	Նրան աշխատանքից ազատեցին — Его уволили с работы
1573	կով	cow	корова	Կովը կաթ է տալիս — Корова даёт молоко	
1574	թափ	sweep; power, might; impetuosity; swing	размах; сила, разгон	Թափ առավ ու ցատկեց — Он разогнался и прыгнул	
1575	վրեժ	vengeance; revenge	месть	Վրեժ լուծեց թշնամուց — Он отомстил врагу	
1576	կապել	to tie, to tie up, to bind; to fasten	привязывать, связывать	Շանը ծառին կապեց — Он привязал собаку к дереву	Կոշիկներիդ քուղերը կապիր — Завяжи шнурки на ботинках
1577	ասեղ	needle	игла, иголка	Կոճակը ասեղով կարեց — Она пришила пуговицу иголкой	
1578	հետև	then, afterwards	сзади, позади	Նա կանգնած էր իմ հետևում — Он стоял позади меня	Հետևից մի ձայն լսվեց — Сзади послышался голос
1579	վճարել	to pay	платить	Հաշիվը ես կվճարեմ — Счёт оплачу я	
1580	ամբողջովին	completely	полностью, целиком	Քեզ հետ ամբողջովին համաձայն եմ — Я полностью с тобой согласен	
1581	դադարել	to end, to stop	прекращаться, переставать	Անձրևը վերջապես դադարեց — Дождь наконец прекратился	
1582	ճաշկերույթ	dinner party, banquet	банкет, званый обед	Ճաշկերույթին շատ հյուրեր կային — На банкете было много гостей	
1583	ճամփորդություն	trip, voyage	путешествие, поездка	Հիշարժան ճամփորդություն էր — Это было памятное путешествие	
1584	ող	vertebra	позвонок	Ողնաշարը կազմված է ողերից — Позвоночник состоит из позвонков	
1585	շքեղ	superb, splendid, magnificent	роскошный, великолепный	Շքեղ հյուրանոցում մնացինք — Мы остановились в роскошном отеле	
1586	գնդակ	ball	мяч	Երեխաները բակում գնդակ են խաղում — Дети играют в мяч во дворе	
1587	հուշարձան	monument; memorial	памятник	Քաղաքում նոր հուշարձան բացվեց — В городе открыли новый памятник	
1588	հրապարակ	square, piazza	площадь	Հանդիպենք Հանրապետության հրապարակում — Встретимся на площади Республики	
1589	տառապել	to suffer, to endure, to bear	страдать	Նա գլխացավերից է տառապում — Он страдает от головных болей	
1590	ավարտել	to finish, to end	заканчивать	Աշխատանքը ժամանակին ավարտեցինք — Мы вовремя закончили работу	Նա համալսարանն ավարտեց — Он окончил университет
1591	գեներալ	general	генерал	Գեներալը հրաման տվեց — Генерал отдал приказ	
1592	դժոխք	hell	ад	Այնտեղ իսկական դժոխք էր — Там был настоящий ад	
1593	կպչել	to stick , cling	прилипать, приставать	Ցեխը կպավ կոշիկներիս — Грязь прилипла к моим ботинкам	
1594	վնասել	to harm, damage	вредить, повреждать	Ծխելը վնասում է առողջությանը — Курение вредит здоровью	
1595	արժանի	worthy, worth, deserving	достойный	Նա գովասանքի արժանի է — Он достоин похвалы	
1596	թաց	wet, soggy, moist	мокрый, влажный	Թաց շորերը փոխիր — Смени мокрую одежду	
1597	գաղտնի	secret, clandestine	тайный, секретный	Նրանք գաղտնի հանդիպում ունեցան — У них была тайная встреча	
1598	զուրկ	deprived of, devoid of	лишённый	Իմաստից զուրկ վեճ էր — Это был спор, лишённый смысла	
1599	լեցուն	full, filled	полный, наполненный	Սիրով լեցուն նամակ գրեց — Он написал письмо, полное любви	
1600	ճարտարապետություն	architecture	архитектура	Հայկական ճարտարապետությունը շատ հին է — Армянская архитектура очень древняя	
1601	դարման	medicine, cure, remedy	лекарство; средство	ամեն ցավի դարման կա — от всякой боли есть средство	
1602	հո	right?, isn't it so?	ведь; же	դու հո չե՞ս մոռացել — ты ведь не забыл?	դա հո գաղտնիք չէ — это ведь не секрет
1603	նահանգ	province, state	штат; провинция	նա ապրում է Կալիֆոռնիա նահանգում — он живёт в штате Калифорния	
1604	կրտսեր	youngest	младший	կրտսեր եղբայրս դպրոցական է — мой младший брат школьник	
1605	կազմակերպություն	organization	организация	միջազգային կազմակերպություն — международная организация	
1606	պարկ	large bag, sack	мешок	մի պարկ ալյուր գնեցինք — мы купили мешок муки	պարկը ուսին գցեց — он закинул мешок на плечо
1607	հեղինակ	author	автор	գրքի հեղինակին ճանաչում եմ — я знаю автора книги	
1608	ավել	broom, besom	веник	ավելով ավլեց բակը — он подмёл двор веником	
1609	գրություն	writing, something written : letter, note, memorandum	записка; письмо; надпись	պաշտոնական գրություն ստացավ — он получил официальное письмо	պատին գրություն կար — на стене была надпись
1610	հովիվ	shepherd, herdsman	пастух	հովիվը արածեցնում է հոտը — пастух пасёт стадо	
1611	կատար	top, summit, peak	вершина	լեռան կատարը ձյունածածկ է — вершина горы покрыта снегом	
1612	ձկներ	Pisces .	Рыбы (знак зодиака)	Իմ նշանը Ձկներն է — мой знак зодиака Рыбы	
1613	ընդհատել	to interrupt	прерывать; перебивать	մի ընդհատիր ինձ — не перебивай меня	զրույցը ստիպված ընդհատեցինք — нам пришлось прервать разговор
1614	պաշտել	to worship	обожать; поклоняться	նա պաշտում է իր մորը — он обожает свою мать	հին մարդիկ արևին էին պաշտում — древние люди поклонялись солнцу
1615	վկա	eyewitness, witness	свидетель	նա դեպքի վկան էր — он был свидетелем происшествия	Աստված վկա, ես չգիտեի — Бог свидетель, я не знал
1616	հում	raw, uncooked	сырой	հում միս մի կեր — не ешь сырое мясо	
1617	ինքնուրույն	independent, self-determined	самостоятельный	երեխան ինքնուրույն է հագնվում — ребёнок одевается самостоятельно	ինքնուրույն աշխատանք — самостоятельная работа
1618	կենցաղ	way of life, mode of life	быт; уклад жизни	գյուղական կենցաղ — сельский быт	
1619	կարգավիճակ	status	статус	նրա կարգավիճակը փոխվել է — его статус изменился	ամուսնական կարգավիճակ — семейное положение
1620	ավերակ	ruined, desolate	разрушенный; руины	քաղաքն ավերակ էր դարձել — город превратился в руины	հին բերդի ավերակները — руины старой крепости
1621	ցեղ	tribe	племя	քոչվոր ցեղեր — кочевые племена	
1622	հզոր	mighty, powerful	мощный; могучий	հզոր պետություն — мощное государство	հզոր շարժիչ — мощный двигатель
1623	նմանություն	similarity, resemblance	сходство	նրանց միջև մեծ նմանություն կա — между ними большое сходство	
1624	բարձրություն	height	высота	հազար մետր բարձրության վրա — на высоте тысячи метров	շենքի բարձրությունը հասնում է քսան մետրի — высота здания достигает двадцати метров
1625	կղզի	island, isle	остров	նավը մոտեցավ կղզուն — корабль приблизился к острову	
1626	հասցնել	to deliver, to bring	доставлять; довозить	ինձ կայարան հասցրու — довези меня до вокзала	նամակը տեղ հասցրին — письмо доставили по назначению
1627	բարեկամություն	friendship; relationship	дружба; родство	մեր բարեկամությունը ամուր է — наша дружба крепка	երկու ընտանիքների բարեկամությունը — родство двух семей
1628	նախարար	nakharar	нахарар (князь)	հայ նախարարների տոհմերը — роды армянских нахараров	
1629	խորք	depth	глубина	ծովի խորքերում — в глубинах моря	հոգու խորքում — в глубине души
1630	հիշեցնել	to remind	напоминать	հիշեցրու ինձ վաղվա հանդիպման մասին — напомни мне о завтрашней встрече	նա հորն է հիշեցնում — он напоминает своего отца
1631	տոմս	ticket	билет	երկու տոմս գնեցի — я купил два билета	
1632	հարավային	southern, south	южный	հարավային քամի է փչում — дует южный ветер	երկրի հարավային մասը — южная часть страны
1633	համեմատել	to compare	сравнивать	մի համեմատիր ինձ նրա հետ — не сравнивай меня с ним	
1634	պետություն	state, country, nation	государство	անկախ պետություն — независимое государство	պետության ղեկավար — глава государства
1635	փախստական	fugitive, runaway	беженец; беглец	փախստականների ճամբար — лагерь беженцев	
1636	սահման	boundary, border	граница; предел	սահմանը փակ է — граница закрыта	ամեն ինչ սահման ունի — всему есть предел
1637	ներառել	to include, involve	включать	գինը ներառում է նախաճաշը — цена включает завтрак	
1638	բացահայտել	to reveal, uncover, discover	раскрывать; обнаруживать	ոստիկանությունը բացահայտեց հանցագործությունը — полиция раскрыла преступление	նոր տաղանդ բացահայտեցին — открыли новый талант
1639	փրկել	to save, to rescue	спасать	բժիշկները փրկեցին նրա կյանքը — врачи спасли его жизнь	նա փրկեց իրավիճակը — он спас ситуацию
1640	վճռական	definite, determined, resolute	решительный	վճռական քայլ արեց — он сделал решительный шаг	վճռական պահին — в решающий момент
1641	գործնական	practical	практический; деловой	գործնական խորհուրդ տվեց — он дал практический совет	գործնական հանդիպում — деловая встреча
1642	փաստ	fact	факт	դա փաստ է — это факт	փաստերը վկայում են — факты свидетельствуют
1643	ծնել	to give birth, to bear	родить; рождать	նա երկու երեխա է ծնել — она родила двоих детей	
1644	արքա	king, monarch	царь; король	արքան հրաման արձակեց — царь издал указ	
1645	աղյուս	brick	кирпич	տունը կարմիր աղյուսից է — дом из красного кирпича	
1646	քշել	to chase away, to drive away	прогонять; гнать	ճանճերին քշիր — прогони мух	քամին ամպերը քշեց — ветер разогнал тучи
1647	լուծել	to solve	решать (задачу)	խնդիրը լուծեցինք — мы решили задачу	հարցը լուծված է — вопрос решён
1648	ժողովածու	collection	сборник	բանաստեղծությունների ժողովածու — сборник стихов	
1649	վիպակ	short novel	повесть	նա նոր վիպակ գրեց — он написал новую повесть	
1650	հարկավոր	needed, necessary	нужный; необходимый	ինձ քո օգնությունն է հարկավոր — мне нужна твоя помощь	հարկավոր չէ շտապել — не нужно спешить
1651	կտակ	will, testament	завещание	պապը կտակ թողեց — дед оставил завещание	
1652	ժառանգություն	heritage, inheritance, legacy	наследство; наследие	մեծ ժառանգություն ստացավ — он получил большое наследство	մշակութային ժառանգություն — культурное наследие
1653	զվարթ	happy, cheerful, joyous	весёлый; бодрый	զվարթ տրամադրություն ուներ — у него было весёлое настроение	զվարթ երգ — весёлая песня
1654	արցունք	tear	слеза	աչքերը արցունքներով լցվեցին — глаза наполнились слезами	ուրախության արցունքներ — слёзы радости
1655	հրաման	order, command	приказ	հրաման ստացանք — мы получили приказ	հրաման արձակել — издать приказ
1656	աղետ	catastrophe, tragedy, disaster	катастрофа; бедствие	բնական աղետ — стихийное бедствие	աղետի գոտի — зона бедствия
1657	ջութակ	violin	скрипка	նա ջութակ է նվագում — он играет на скрипке	
1658	դասընթաց	course	курс (занятий)	անգլերենի դասընթացների եմ հաճախում — я хожу на курсы английского	դասընթացն ավարտվեց — курс закончился
1659	ծուխ	smoke	дым	սենյակը ծխով լցվեց — комната наполнилась дымом	ծխի հոտ է գալիս — пахнет дымом
1660	գնալով	gradually, steadily, progressively	постепенно; всё более	գնալով ցրտում է — постепенно холодает	գնալով ավելի լավ է աշխատում — он работает всё лучше
1661	բարձունք	height, elevation	высота; вершина	նոր բարձունքներ նվաճեց — он покорил новые высоты	
1662	խենթ	crazy, mad, foolish	сумасшедший; безумный	խենթ գաղափար է — это безумная идея	խենթի պես վազում էր — он бежал как сумасшедший
1663	ընթացք	movement, course, development	ход; течение	տարվա ընթացքում — в течение года	գործի ընթացքը — ход дела
1664	աշխույժ	lively, vigorous, energetic	живой; бодрый	աշխույժ երեխա է — он живой ребёнок	աշխույժ զրույց — оживлённая беседа
1665	հարազատ	directly related by blood, own	родной	նա իմ հարազատ եղբայրն է — он мой родной брат	հարազատների հետ հավաքվեցինք — мы собрались с родными
1666	շոր	dress	платье; одежда	նոր շոր գնեց — она купила новое платье	շորերդ փոխիր — переоденься
1667	իրավամբ	in justice, justly, by right	по праву; справедливо	նա իրավամբ համարվում է լավագույնը — он по праву считается лучшим	
1668	մանկություն	childhood, infancy	детство	մանկությունս գյուղում է անցել — моё детство прошло в деревне	երջանիկ մանկություն — счастливое детство
1669	ծավալ	volume, dimension, total amount	объём	աշխատանքի ծավալը մեծ է — объём работы велик	
1670	անձնական	personal, private, own	личный	դա անձնական հարց է — это личный вопрос	անձնական կյանք — личная жизнь
1671	բավարար	sufficient, satisfactory	достаточный; удовлетворительный	դա բավարար չէ — этого недостаточно	բավարար գնահատական ստացավ — он получил удовлетворительную оценку
1672	բացահայտ	apparent, obvious, known	явный; открытый	բացահայտ սուտ է — это явная ложь	բացահայտ թշնամանք — открытая вражда
1673	էական	substantial, significant	существенный	էական տարբերություն կա — есть существенная разница	դա էական չէ — это несущественно
1674	լրիվ	complete, full	полный; полностью	լրիվ համաձայն եմ — я полностью согласен	անունդ լրիվ գրիր — напиши своё имя полностью
1675	կոպիտ	coarse, rough, crude	грубый	կոպիտ սխալ արեց — он допустил грубую ошибку	կոպիտ մի խոսիր — не говори грубо
1676	համառոտ	short, brief, concise	краткий	համառոտ բովանդակություն — краткое содержание	համառոտ շարադրիր միտքդ — изложи свою мысль кратко
1677	հարաբերական	relative	относительный	ամեն ինչ հարաբերական է — всё относительно	
1678	մակբայ	adverb	наречие	մակբայը խոսքի մաս է — наречие является частью речи	
1679	նվագել	to play an instrument	играть (на инструменте)	նա դաշնամուր է նվագում — он играет на пианино	կիթառ նվագել եմ սովորում — я учусь играть на гитаре
1680	պատկանել	to belong, to belong to, to pertain	принадлежать	այս տունը մեզ է պատկանում — этот дом принадлежит нам	նա այլ սերնդի է պատկանում — он принадлежит к другому поколению
1681	տոպրակ	bag, sack	пакет; мешочек	մի տոպրակ խնձոր առա — я купил пакет яблок	տոպրակը պատռվեց — пакет порвался
1682	տարատեսակ	heterogeneous, diverse, variegated	разнообразный	խանութում տարատեսակ ապրանքներ կան — в магазине есть разнообразные товары	
1683	գեղարվեստական	artistic, art, arts	художественный	գեղարվեստական ֆիլմ դիտեցինք — мы посмотрели художественный фильм	գեղարվեստական գրականություն — художественная литература
1684	տեխնիկական	technological	технический	տեխնիկական խնդիր առաջացավ — возникла техническая проблема	
1685	մասնավորապես	in particular, in part	в частности	քննարկեցինք շատ հարցեր, մասնավորապես գները — обсудили многие вопросы, в частности цены	
1686	ենթակայություն	subjection, dependence	подчинение; зависимость	նրա ենթակայության տակ տասը մարդ կա — в его подчинении десять человек	
1687	ավանդույթ	tradition	традиция	ընտանեկան ավանդույթ — семейная традиция	ավանդույթները պահպանում ենք — мы сохраняем традиции
1688	վերջավորություն	ending, end	окончание	բառի վերջավորությունը — окончание слова	հոգնակիի վերջավորություն — окончание множественного числа
1689	վերլուծական	analytic, analytical	аналитический	վերլուծական միտք ունի — у него аналитический ум	վերլուծական հոդված — аналитическая статья
1690	լրացում	supplementation	дополнение	օրենքում լրացումներ արվեցին — в закон внесли дополнения	
1691	զբոսաշրջիկ	tourist	турист	քաղաքը լի է զբոսաշրջիկներով — город полон туристов	զբոսաշրջիկների խումբ — группа туристов
1692	ուղեկցել	to accompany	сопровождать	նա ինձ ուղեկցեց մինչև կայարան — он проводил меня до вокзала	
1693	բանջարեղեն	vegetables	овощи	շուկայից թարմ բանջարեղեն առա — я купил на рынке свежие овощи	բանջարեղենի աղցան — овощной салат
1694	լատիներեն	Latin	латынь; латинский	նա լատիներեն է սովորում — он учит латынь	լատիներեն արտահայտություն — латинское выражение
1695	համերաշխ	in harmony	дружный; в согласии	նրանք համերաշխ ընտանիք են — они дружная семья	հարևանները համերաշխ են ապրում — соседи живут в согласии
1696	հրամայել	to order	приказывать	հրամայեց անմիջապես վերադառնալ — он приказал немедленно вернуться	ինձ մի հրամայիր — не приказывай мне
1697	խռովել	to get alienated	обидеться; надуться	երեխան ինձնից խռովել է — ребёнок на меня обиделся	մի խռովիր, կատակում էի — не обижайся, я шутил
1698	ժայռ	cliff	скала	ժայռի եզրին կանգնեց — он встал на краю скалы	ծովափի ժայռերը — прибрежные скалы
1699	բազմանալ	to breed	размножаться	նապաստակներն արագ են բազմանում — кролики быстро размножаются	
1700	մորթ	skin	шкура; мех	ոչխարի մորթ — овечья шкура	աղվեսի մորթ — лисий мех
1701	ծառայել	to serve	служить	եղբայրս բանակում է ծառայում — мой брат служит в армии	սա լավ օրինակ է ծառայում — это служит хорошим примером
1702	հեզ	humble	кроткий; смирный	նա հեզ ու խոնարհ մարդ է — он кроткий и смиренный человек	
1703	տարեց	aged	пожилой	տարեց կնոջը տեղ զիջեց — он уступил место пожилой женщине	տարեց մարդիկ — пожилые люди
1704	փայլուն	brilliant	блестящий	փայլուն հաղթանակ տարան — они одержали блестящую победу	փայլուն աչքեր — блестящие глаза
1705	ճարտարապետ	architect	архитектор	Թամանյանը մեծ ճարտարապետ էր — Таманян был великим архитектором	
1706	երկրաբան	geologist	геолог	երկրաբանները նոր հանքավայր գտան — геологи нашли новое месторождение	
1707	լրագրող	journalist	журналист	լրագրողը հարցազրույց վերցրեց — журналист взял интервью	
1708	իրավաբան	lawyer	юрист	իրավաբանի հետ խորհրդակցիր — посоветуйся с юристом	
1709	ոստիկան	policeman	полицейский	ոստիկանը կանգնեցրեց մեքենան — полицейский остановил машину	
1710	ժլատ	stingy	скупой	նա շատ ժլատ մարդ է — он очень скупой человек	
1711	կոկիկ	neat	аккуратный; опрятный	կոկիկ ձեռագիր ունի — у него аккуратный почерк	սենյակը կոկիկ է — комната опрятная
1712	թուխ	dark (about people)	смуглый	նա թուխ մաշկ ունի — у него смуглая кожа	թուխ դեմքով տղա — смуглолицый парень
1713	ոսկեգույն	gold-colored	золотистый	ոսկեգույն մազեր ունի — у неё золотистые волосы	ոսկեգույն աշուն — золотая осень
1714	վերմակ	blanket	одеяло	տաք վերմակով ծածկվեց — он укрылся тёплым одеялом	վերմակի տակ մտավ — он залез под одеяло
1715	բողբոջ	bud	почка; бутон	գարնանը բողբոջները բացվում են — весной почки раскрываются	
1716	կարոտել	to miss	скучать (по)	քեզ շատ եմ կարոտել — я очень по тебе соскучился	տունս եմ կարոտել — я соскучился по дому
1717	վանդակ	cage	клетка	թութակը վանդակում է — попугай в клетке	վանդակի դուռը բաց էր — дверца клетки была открыта
1718	մրցել	to compete	соревноваться	թիմերը միմյանց հետ մրցում են — команды соревнуются друг с другом	
1719	արձակուրդ	vacation	отпуск; каникулы	արձակուրդի մեջ եմ — я в отпуске	ամառային արձակուրդներ — летние каникулы
1720	տոնել	to celebrate	праздновать	ծննդյան օրը միասին տոնեցինք — мы вместе отпраздновали день рождения	Նոր տարին տանն ենք տոնում — Новый год мы празднуем дома
1721	ահ	fear, fright; dread, terror; anxiety	страх; ужас	ահից դողում էր — он дрожал от страха	ահ ու սարսափի մեջ էին — они были в страхе и ужасе
1722	կենացդ	cheers!	за твоё здоровье!	Կենացդ, սիրելի ընկեր — за твоё здоровье, дорогой друг	
1723	ամսական	monthly	ежемесячный; месячный	ամսական վարձավճար — ежемесячная плата	ամսական մեկ անգամ ենք հանդիպում — мы встречаемся раз в месяц
1724	նշանված	engaged (to be married); marked	помолвленный; отмеченный	նրանք նշանված են — они помолвлены	քարտեզի վրա նշանված տեղը — место, отмеченное на карте
1725	տատ	grandmother	бабушка	տատս հեքիաթ պատմեց — бабушка рассказала сказку	տատս գյուղում է ապրում — моя бабушка живёт в деревне
1726	ծանոթանալ	to become acquainted with, to get to know	знакомиться	ուրախ եմ ձեզ հետ ծանոթանալու համար — рад с вами познакомиться	փաստաթղթերին ծանոթացավ — он ознакомился с документами
1727	հազել	to immolate, offer up, sacrifice to idols	жертвовать идолам	նրանք կուռքերին էին հազում — они приносили жертвы идолам	
1728	երևի	probably; perhaps, it appears	наверное; вероятно	երևի նա ուշանում է — наверное, он опаздывает	երևի վաղը կգա — вероятно, придёт завтра
1729	տպավորիչ	impressive	впечатляющий	տպավորիչ ելույթ էր — это было впечатляющее выступление	
1730	շոգ	hot, sultry, making one feel hot	жаркий; жарко	այսօր շատ շոգ է — сегодня очень жарко	շոգ ամառ էր — было жаркое лето
1731	զով	cool, fresh, coldish	прохладный; свежий	զով քամի փչեց — подул прохладный ветер	առավոտը զով էր — утро было прохладным
1732	թիավարել	to row, paddle	грести	նա արագ էր թիավարում — он грёб быстро	
1733	մեկնում	departure	отъезд; отправление	գնացքի մեկնումը հետաձգվեց — отправление поезда отложили	մեկնումից առաջ զանգիր — позвони перед отъездом
1734	մարի	hen, female chicken	курица (самка)	մարին ձու ածեց — курица снесла яйцо	
1735	ամերիկուհի	female American	американка	նա ամերիկուհի է — она американка	
1736	հայուհի	an Armenian woman	армянка	նա հպարտ հայուհի է — она гордая армянка	
1737	իտալիա	Italy	Италия	ամռանը Իտալիա ենք գնալու — летом мы поедем в Италию	
1738	իտալական	Italian	итальянский	իտալական խոհանոց եմ սիրում — я люблю итальянскую кухню	
1739	չինական	Chinese	китайский	չինական թեյ ենք խմում — мы пьём китайский чай	
1740	թուրքերեն	Turkish	турецкий (язык)	նա թուրքերեն է խոսում — он говорит по-турецки	թուրքերեն գիրք — книга на турецком
1741	պարսիկ	Persian	перс	նա ազգությամբ պարսիկ է — он перс по национальности	
1742	հրեա	Jew, Hebrew	еврей	նա հրեա ընտանիքից է — он из еврейской семьи	
1743	ոմն	some, certain	некий; некто	ոմն Արամ քեզ էր փնտրում — тебя искал некий Арам	
1744	մահճակալ	bedstead	кровать	փայտե մահճակալ գնեցինք — мы купили деревянную кровать	մահճակալին պառկեց — он лёг на кровать
1745	հյուրասենյակ	living room	гостиная	հյուրերը հյուրասենյակում են — гости в гостиной	
1746	քանոն	ruler	линейка	քանոնով գիծ քաշիր — проведи линию линейкой	
1747	աստղ	star	звезда	երկինքը լի է աստղերով — небо полно звёзд	նա մեծ աստղ է — она большая звезда
1748	հարցազրույց	interview	интервью; собеседование	հարցազրույց տվեց լրագրողին — он дал интервью журналисту	աշխատանքի հարցազրույցի եմ գնում — я иду на собеседование
1749	համբերել	to be patient, to keep one's patience	терпеть; потерпеть	մի քիչ համբերիր — потерпи немного	այլևս չեմ կարող համբերել — я больше не могу терпеть
1750	զոհ	victim; sacrifice	жертва	վթարի զոհեր չկան — жертв аварии нет	աստվածներին զոհ մատուցեցին — богам принесли жертву
1751	սունկ	mushroom	гриб	անտառում սունկ հավաքեցինք — мы собрали грибы в лесу	սնկով ապուր — грибной суп
1752	ձվածեղ	omelette	омлет	առավոտյան ձվածեղ պատրաստեցի — утром я приготовил омлет	
1753	երշիկ	sausage	колбаса	երշիկով սենդվիչ կերավ — он съел бутерброд с колбасой	
1754	ստուգել	to check, verify, control, inspect	проверять	ուսուցիչը ստուգեց տնային աշխատանքը — учитель проверил домашнее задание	տոմսերը ստուգում են — билеты проверяют
1755	ճաշարան	cafeteria, dining hall	столовая	ճաշարանում ենք ճաշում — мы обедаем в столовой	
1756	գող	thief	вор	գողին բռնեցին — вора поймали	գողերը տուն մտան — воры забрались в дом
1757	կող	rib	ребро	ընկավ ու կողը կոտրեց — он упал и сломал ребро	
1758	ձագ	the young of any animal, baby animal, especially the young of a bird	детёныш; птенец	կատուն ձագեր ունեցավ — у кошки появились котята	թռչունը կերակրում է ձագերին — птица кормит птенцов
1759	օգուտ	use; benefit; good	польза; выгода	դրանից օգուտ չկա — от этого нет пользы	օգուտ քաղեց — он извлёк пользу
1760	էակ	being, creature	существо	կենդանի էակ — живое существо	տարօրինակ էակ տեսավ — он увидел странное существо
1761	ցուցակ	list, roster	список	անունդ ցուցակում կա — твоё имя есть в списке	գնումների ցուցակ կազմեցի — я составил список покупок
1762	չամիչ	dried grape, raisin	изюм	չամիչով կեքս թխեցի — я испёк кекс с изюмом	մի բուռ չամիչ — горсть изюма
1763	առաջնորդ	leader, chief	лидер; вождь	կուսակցության առաջնորդը — лидер партии	ցեղի առաջնորդը — вождь племени
1764	կուտ	seed	зерно (корм)	աղավնիներին կուտ տվեցինք — мы насыпали голубям зерна	թռչունները կուտ են ուտում — птицы клюют зерно
1765	հորաքույր	paternal aunt	тётя (по отцу)	հորաքույրս մեզ հյուր եկավ — тётя пришла к нам в гости	
1766	մորաքույր	maternal aunt	тётя (по матери)	մորաքույրս ինձ նվեր բերեց — тётя принесла мне подарок	
1767	ամուսնանալ	to marry; to get married	жениться; выходить замуж	նրանք գարնանը ամուսնացան — они поженились весной	նա ամուսնացավ օտարերկրացու հետ — она вышла замуж за иностранца
1768	որբ	orphaned	осиротевший; сирота	նա փոքր հասակում որբ մնաց — он остался сиротой в раннем детстве	որբ երեխաներ — дети-сироты
1769	կոր	curved, crooked	кривой; изогнутый	կոր գիծ քաշեց — он провёл кривую линию	ծերունու մեջքը կոր էր — спина старика была сгорблена
1770	մղոն	mile	миля	քաղաքից տասը մղոն հեռու — в десяти милях от города	
1771	պատառ	little, small	кусочек; чуточка	մի պատառ հաց կեր — съешь кусочек хлеба	մի պատառ սպասիր — подожди чуточку
1772	թթու	sour	кислый	խնձորը թթու է — яблоко кислое	թթու կաղամբ — квашеная капуста
1773	երդում	oath, vow	клятва; присяга	երդում տվեց — он дал клятву	երդումը չդրժեց — он не нарушил клятву
1774	դրդել	to spur, to incite, to prod	побуждать; подстрекать	ի՞նչը քեզ դրդեց այդ քայլին — что подтолкнуло тебя к этому шагу?	
1775	վերադարձ	return	возвращение	հայրենիք վերադարձը — возвращение на родину	վերադարձի տոմս — обратный билет
1776	փուռ	oven	печь; пекарня	հացը թխվում է փռում — хлеб печётся в печи	փռից թարմ հաց առա — я купил свежий хлеб из пекарни
1777	կոճակ	button	пуговица, кнопка	վերնաշապիկի կոճակը պոկվեց — пуговица рубашки оторвалась	կարմիր կոճակը սեղմիր — нажми красную кнопку
1778	հովանոց	umbrella	зонт	հովանոցս տանը եմ մոռացել — я забыл зонт дома	անձրև է, հովանոց վերցրու — идёт дождь, возьми зонт
1779	սուգ	mournful, grieving, sorrowful, sad	траур; скорбь	ընտանիքը սգի մեջ է — семья в трауре	
1780	լուսավոր	luminous, bright, brilliant	светлый; яркий	լուսավոր սենյակ է — это светлая комната	լուսավոր ապագա — светлое будущее
1781	տիրել	to dominate, rule over, reign over, lord over	господствовать; владеть	դահլիճում լռություն էր տիրում — в зале царила тишина	ամբողջ ունեցվածքին տիրեց — он завладел всем имуществом
1782	հազարամյակ	millennium	тысячелетие	երրորդ հազարամյակի սկիզբը — начало третьего тысячелетия	
1783	հուլիս	July	июль	հուլիսին ծով ենք գնում — в июле мы едем на море	
1784	օգոստոս	August	август	օգոստոսին շատ շոգ է — в августе очень жарко	
1785	հոկտեմբեր	October	октябрь	հոկտեմբերին տերևները թափվում են — в октябре опадают листья	
1786	արծաթ	silver, silvern, made of silver	серебро; серебряный	մատանին մաքուր արծաթից է — кольцо из чистого серебра	արծաթի գինը բարձրացավ — цена серебра выросла
1787	ութերորդ	eighthly	восьмой	ութերորդ հարկում ենք ապրում — мы живём на восьмом этаже	
1788	իններորդ	ninthly	девятый	նա իններորդ դասարանում է — он в девятом классе	
1789	տասներորդ	tenthly	десятый	տասներորդ անգամ եմ ասում — я говорю в десятый раз	
1790	պան	round loaf, bread	каравай; круглый хлеб	փռից տաք պան առա — я купил в пекарне тёплый каравай	
1791	որսորդ	hunter, huntsman	охотник	որսորդը շներով անտառ գնաց — охотник пошёл в лес с собаками	
1792	արկղ	box, case, coffer	ящик	մի արկղ խնձոր գնեցինք — мы купили ящик яблок	փայտե արկղ — деревянный ящик
1793	փուշ	thorn; prickle	колючка; шип	մատիս փուշ է մտել — мне в палец вонзилась колючка	ձուկը շատ փուշ ունի — в рыбе много костей
1794	ուղեղ	brain	мозг	մարդու ուղեղը բարդ է — мозг человека сложен	ուղեղդ աշխատեցրու — шевели мозгами
1795	մազ	hair	волосы	նա երկար մազեր ունի — у неё длинные волосы	ամեն ինչ մազից էր կախված — всё висело на волоске
1796	ամ	year	год (книжн.)	երկու հազար ամ առաջ — две тысячи лет назад	
1797	սկսած	since, starting from	начиная с	երկուշաբթիից սկսած աշխատում ենք — мы работаем начиная с понедельника	վաղվանից սկսած — начиная с завтрашнего дня
1798	իբր	as, like	будто; якобы	ասում է, իբր հիվանդ է — говорит, будто болен	իբր թե ոչինչ չի եղել — как будто ничего не случилось
1799	շնչել	to breathe, to respire	дышать	խորը շնչիր — дыши глубоко	մաքուր օդ շնչելու գնացինք — мы пошли подышать свежим воздухом
1800	սպանել	to kill; to murder; to assassinate	убивать; убить	նրան պատերազմում սպանեցին — его убили на войне	ժամանակ ենք սպանում — мы убиваем время
1801	ջերմ	warm	тёплый	Ջերմ ընդունելություն ցույց տվեցին — Оказали тёплый приём	Ջերմ խոսքեր ասաց — Он сказал тёплые слова
1802	ծուռ	slanted, tilted, crooked	кривой, косой	Նկարը ծուռ է կախված — Картина висит криво	
1803	թշվառ	poor, wretched, needy, miserable	несчастный, жалкий	Թշվառ վիճակում էին ապրում — Они жили в жалком состоянии	
1804	գդալ	spoon	ложка	Մի գդալ շաքար ավելացրու — Добавь ложку сахара	Գդալով է ուտում ապուրը — Он ест суп ложкой
1805	նախաճաշ	breakfast	завтрак	Նախաճաշին սուրճ եմ խմում — На завтрак я пью кофе	
1806	այդտեղ	there	там, туда	Այդտեղ ի՞նչ կա — Что там есть?	Այդտեղ մի՛ գնա — Не ходи туда
1807	կայուն	stable, resolute, unwavering, sustainable	стабильный, устойчивый	Երկրում կայուն իրավիճակ է — В стране стабильная ситуация	
1808	հաջող	successful, lucky, fortunate	удачный, успешный	Հաջող օր էր — Это был удачный день	Ամեն ինչ հաջող անցավ — Всё прошло удачно
1809	անհաջող	unsuccessful, failed	неудачный	Փորձն անհաջող էր — Попытка была неудачной	
1810	դժգույն	colorless, pale, bleak	тусклый, бледный	Երկինքը դժգույն էր — Небо было тусклым	
1811	շահ	benefit, profit, gain	выгода, прибыль	Դրանից շահ չունեմ — Я не имею от этого выгоды	
1812	բազում	many, numerous, multiple	многочисленный, многие	Բազում տարիներ են անցել — Прошло много лет	
1813	ապակի	glass	стекло	Պատուհանի ապակին կոտրվեց — Оконное стекло разбилось	
1814	յուղոտ	oily, greasy	жирный, масляный	Ձեռքերս յուղոտ են — У меня руки жирные	Յուղոտ ուտելիք չեմ սիրում — Я не люблю жирную еду
1815	արևելյան	eastern, east	восточный	Արևելյան երաժշտություն է սիրում — Он любит восточную музыку	
1816	օվկիանոս	ocean	океан	Խաղաղ օվկիանոսն ամենամեծն է — Тихий океан самый большой	
1817	ամպ	cloud	облако, туча	Երկինքն ամպերով ծածկվեց — Небо покрылось тучами	
1818	ծիածան	rainbow	радуга	Անձրևից հետո ծիածան երևաց — После дождя появилась радуга	
1819	փոթորիկ	storm; hurricane	буря; ураган	Ծովում փոթորիկ սկսվեց — На море началась буря	
1820	խոզ	pig	свинья	Գյուղում խոզ են պահում — В деревне держат свиней	
1821	աղավնի	dove, pigeon	голубь	Հրապարակում շատ աղավնիներ կան — На площади много голубей	
1822	արծիվ	eagle	орёл	Արծիվը սավառնում է լեռների վրա — Орёл парит над горами	
1823	սարյակ	starling	скворец	Գարնանը սարյակները վերադառնում են — Весной скворцы возвращаются	
1824	թույլատրել	to permit, authorize, allow	разрешать, позволять	Այստեղ ծխել չի թույլատրվում — Здесь курить не разрешается	Հայրս թույլատրեց գնալ — Отец разрешил пойти
1825	լռել	to remain silent, to be silent	молчать, замолчать	Բոլորը հանկարծ լռեցին — Все вдруг замолчали	Լռի՛ր, խնդրում եմ — Замолчи, пожалуйста
1826	նալ	horseshoe	подкова	Ձիուն նոր նալ խփեցին — Коня подковали новой подковой	
1827	հանգստանալ	to rest, to repose	отдыхать	Ծովափին ենք հանգստանում — Мы отдыхаем на берегу моря	Մի քիչ հանգստացիր — Отдохни немного
1828	ներկել	to color; to paint; to stain; to dye	красить	Պատերը սպիտակ ներկեցինք — Мы покрасили стены в белый цвет	Մազերը ներկել է — Она покрасила волосы
1829	հյուրասիրություն	hospitality	гостеприимство	Շնորհակալ ենք հյուրասիրության համար — Спасибо за гостеприимство	
1830	հրավեր	invitation	приглашение	Հարսանիքի հրավեր ստացանք — Мы получили приглашение на свадьбу	
1831	պտույտ	turn, revolution	оборот, поворот	Երկիրը մեկ պտույտ է կատարում — Земля совершает один оборот	Քաղաքում մի պտույտ արեցինք — Мы прошлись по городу
1832	կակազել	to stutter	заикаться	Հուզմունքից սկսեց կակազել — От волнения он начал заикаться	
1833	մեռած	dead	мёртвый	Ծառը վաղուց մեռած էր — Дерево давно было мёртвым	
1834	ավազ	sand	песок	Երեխաներն ավազով են խաղում — Дети играют в песке	
1835	քաղաքապետարան	city hall, town hall	мэрия	Դիմումը տարավ քաղաքապետարան — Он отнёс заявление в мэрию	
1836	կայարան	station	станция, вокзал	Գնացքը կայարան ժամանեց — Поезд прибыл на вокзал	
1837	ռեստորան	restaurant	ресторан	Երեկոյան ռեստորանում ընթրեցինք — Вечером мы поужинали в ресторане	
1838	արահետ	path; track; trail	тропа, тропинка	Անտառի արահետով քայլեցինք — Мы шли по лесной тропинке	
1839	թեկուզ	even though, though, although	хоть, хотя бы	Թեկուզ մի րոպեով արի — Приди хоть на минутку	Թեկուզ ուշ է, կգանք — Хоть и поздно, мы придём
1840	հանդերձ	dress, clothes, clothing	одеяние, одежда	Հարսը սպիտակ հանդերձով էր — Невеста была в белом одеянии	
1841	նախանձել	to envy, be envious , be jealous	завидовать	Ուրիշներին մի՛ նախանձիր — Не завидуй другим	
1842	ողորմել	to take pity or compassion on	помиловать, сжалиться	Աստված ողորմի նրա հոգուն — Господь да помилует его душу	
1843	վերագրել	to ascribe, to attribute, to impute, to put down	приписывать	Հաջողությունն իրեն է վերագրում — Успех он приписывает себе	
1844	պատշաճ	due, fit, proper, decent, decorous, becoming, seemly, appropriate	надлежащий, подобающий	Պատշաճ կերպով պատասխանեց — Он ответил надлежащим образом	
1845	պաշտոն	position; job; post; office	должность, пост	Բարձր պաշտոն է զբաղեցնում — Он занимает высокую должность	
1846	խոստովանել	to confess	признаваться; исповедоваться	Խոստովանում եմ, սխալվել եմ — Признаюсь, я ошибся	
1847	ուղղում	correction, amendment, rectification	исправление, поправка	Տեքստում ուղղումներ արեց — Он внёс исправления в текст	
1848	գողանալ	to steal	красть, украсть	Դրամապանակս գողացան — У меня украли кошелёк	
1849	զրկել	to deprive of	лишать	Նրան իրավունքից զրկեցին — Его лишили права	
1850	հրաժարվել	to give up, abandon, renounce	отказываться	Առաջարկից հրաժարվեց — Он отказался от предложения	
1851	պարտականություն	duty, obligation, responsibility	обязанность, долг	Դա իմ պարտականությունն է — Это моя обязанность	
1852	զարդարել	to adorn, to beautify, to decorate, to ornament, to embellish	украшать	Տոնածառը միասին զարդարեցինք — Мы вместе украсили ёлку	
1853	շքանշան	order, decoration	орден	Նրան շքանշան շնորհեցին — Ему вручили орден	
1854	նշանավոր	famous, notable, distinguished	знаменитый, выдающийся	Նշանավոր գրող է — Он знаменитый писатель	
1855	հղի	pregnant	беременная	Նա հինգ ամսական հղի է — Она на пятом месяце беременности	
1856	տո	used to address or call a familiar person , often implying on the part of the sp	эй (фамильярное обращение)	Տո՛, ո՞ւր ես գնում — Эй, ты куда идёшь?	
1857	մրցանակ	prize	приз, премия	Առաջին մրցանակը շահեց — Он выиграл первый приз	
1858	անկախություն	independence	независимость	Երկիրն անկախություն ձեռք բերեց — Страна обрела независимость	
1859	այրվել	to burn, to be consumed by fire	гореть, сгореть	Հին տունն ամբողջությամբ այրվեց — Старый дом полностью сгорел	Ձեռքս այրվեց թեյնիկից — Я обжёг руку о чайник
1860	վարձ	fee, payment	плата	Բնակարանի վարձը վճարեցի — Я заплатил за аренду квартиры	Աշխատանքի վարձը ցածր է — Плата за работу низкая
1861	մաքրություն	cleanliness, tidiness	чистота	Տանը մաքրություն եմ անում — Я делаю уборку дома	Մաքրությունը շատ կարևոր է — Чистота очень важна
1862	պատկերացնել	to imagine, visualize	представлять (себе)	Չեմ կարող պատկերացնել դա — Не могу себе этого представить	Պատկերացրու, նա արդեն եկել է — Представь, он уже пришёл
1863	հայտարարություն	declaration, announcement	объявление; заявление	Թերթում հայտարարություն կարդացի — Я прочитал объявление в газете	Կառավարությունը հայտարարություն արեց — Правительство сделало заявление
1864	խմբագիր	editor	редактор	Նա ամսագրի խմբագիր է — Он редактор журнала	
1865	վերջացնել	causative of վերջանալ : to end, finish, stop, terminate	закончить	Գործս արդեն վերջացրել եմ — Я уже закончил свою работу	
1866	փունջ	bouquet; bunch	букет; пучок	Մի փունջ ծաղիկ նվիրեց — Он подарил букет цветов	
1867	մանր	small, little, petty, minute; fine	мелкий	Մանր փող ունե՞ս — У тебя есть мелочь?	Մանր հարցերով մի՛ զբաղվիր — Не занимайся мелкими вопросами
1868	պարապ	idle	праздный, незанятый	Պարապ մի՛ նստիր — Не сиди без дела	Պարապ ժամանակ շատ ունի — У него много свободного времени
1869	ուղղագրություն	orthography	орфография	Ուղղագրության կանոններ ենք սովորում — Мы учим правила орфографии	
1870	պետ	chief, commander, head	начальник, глава	Բաժնի պետը ժողով հրավիրեց — Начальник отдела созвал собрание	
1871	գերան	beam, log	бревно, балка	Ծանր գերան էին տանում — Они несли тяжёлое бревно	
1872	դանդաղ	slow	медленный	Դանդաղ խոսիր, խնդրում եմ — Говори медленно, пожалуйста	Դանդաղ քայլերով մոտեցավ — Он подошёл медленными шагами
1873	երդվել	to swear, take an oath, vow	клясться	Երդվում եմ, ճիշտ եմ ասում — Клянусь, я говорю правду	
1874	չնչին	minor, insignificant	ничтожный, незначительный	Չնչին գումարի համար վիճեցին — Они поспорили из-за ничтожной суммы	
1875	խաղացնել	to mislead, mess around with, lead a merry dance	водить за нос	Ինձ մի՛ խաղացրու — Не води меня за нос	
1876	բացում	opening	открытие	Ցուցահանդեսի բացումը վաղն է — Открытие выставки завтра	
1877	տարվել	to be conducted; get carried away	вестись, проводиться; увлечься	Ուսուցումը տարվում էր ռուսերենով — Обучение велось на русском	Խաղով տարվեց — Он увлёкся игрой
1878	գոռալ	to shout, to cry	кричать	Ինձ վրա մի՛ գոռա — Не кричи на меня	
1879	հյուսիսային	northern, north	северный	Հյուսիսային քամի է փչում — Дует северный ветер	
1880	ենթարկել	to subjugate, to subdue, to subject to	подчинять; подвергать	Ամեն ինչ իրեն ենթարկեց — Он всё подчинил себе	Նրան փորձության ենթարկեցին — Его подвергли испытанию
1881	վայրենի	wild, savage	дикий	Այնտեղ վայրենի ցեղեր էին ապրում — Там жили дикие племена	
1882	գնորդ	buyer, shopper, purchaser	покупатель	Խանութում շատ գնորդներ կային — В магазине было много покупателей	
1883	կոշտ	hard, firm, solid	жёсткий, твёрдый	Այս մահճակալը շատ կոշտ է — Эта кровать очень жёсткая	
1884	սույն	this same	данный, настоящий	Սույն օրենքն ուժի մեջ է — Данный закон в силе	
1885	առավելապես	principally, chiefly, mostly	преимущественно	Այստեղ առավելապես երիտասարդներ են — Здесь преимущественно молодёжь	
1886	չքնաղ	very beautiful, marvelous, ravishing	прекрасный, восхитительный	Չքնաղ տեսարան բացվեց մեր առջև — Перед нами открылся восхитительный вид	
1887	կոչում	rank, title, status, degree	звание, титул	Պրոֆեսորի կոչում ստացավ — Он получил звание профессора	
1888	անհնար	impossible	невозможный	Դա ուղղակի անհնար է — Это просто невозможно	
1889	գյուտ	invention	изобретение	Կարևոր գյուտ է արել — Он сделал важное изобретение	
1890	աղոթք	prayer	молитва	Ամեն երեկո աղոթք է անում — Каждый вечер он читает молитву	
1891	հավատարիմ	faithful, loyal, trustworthy	верный, преданный	Նա միշտ հավատարիմ ընկեր է եղել — Он всегда был верным другом	
1892	առհասարակ	in general, generally, commonly	вообще, в целом	Առհասարակ նա քիչ է խոսում — Вообще он мало говорит	
1893	գանձարան	treasury, treasure house	казна	Գումարը մտավ պետական գանձարան — Деньги поступили в государственную казну	
1894	գմբեթ	dome, cupola	купол	Եկեղեցու գմբեթը հեռվից է երևում — Купол церкви виден издалека	
1895	գործարան	factory, plant	завод, фабрика	Գործարանում է աշխատում — Он работает на заводе	
1896	հոգևոր	spiritual	духовный	Հոգևոր երաժշտություն է լսում — Он слушает духовную музыку	
1897	լցվել	to fill up	наполняться	Դահլիճը արագ լցվեց — Зал быстро наполнился	Աչքերը արցունքով լցվեցին — Глаза наполнились слезами
1898	վարպետ	master, craftsman; skillful	мастер; умелец	Նա իր գործի վարպետն է — Он мастер своего дела	Վարպետին կանչեցինք — Мы вызвали мастера
1899	պարտական	indebted	обязанный, в долгу	Ես քեզ շատ պարտական եմ — Я тебе многим обязан	
1900	ապագա	future	будущее; будущий	Ապագայի մասին եմ մտածում — Я думаю о будущем	Նա ապագա բժիշկ է — Он будущий врач
1901	մա	mommy, mamma	мама	Մա՛, արի այստեղ — Мама, иди сюда	
1902	ցուցահանդես	exhibition, show	выставка	Նոր ցուցահանդես բացվեց — Открылась новая выставка	
1903	եվրո	euro	евро	Հարյուր եվրո փոխանակեցի — Я обменял сто евро	
1904	նախարարություն	ministry, department	министерство	Նախարարությունում է աշխատում — Он работает в министерстве	
1905	հետաքրքրություն	interest	интерес	Մեծ հետաքրքրությամբ էր լսում — Он слушал с большим интересом	
1906	դատարան	court, court of law/justice	суд	Գործը հասավ դատարան — Дело дошло до суда	
1907	ստիպել	to compel, to force, to make	заставлять	Ինձ ստիպեցին սպասել — Меня заставили ждать	
1908	կայանում	parking	парковка, стоянка	Կայանումն այստեղ արգելված է — Парковка здесь запрещена	
1909	ցանկացած	any, either, whichever one wants	любой	Ցանկացած հարցով զանգահարիր — Звони по любому вопросу	
1910	մատուցել	to give	подавать; преподносить	Ընթրիքը մատուցեցին ուշ — Ужин подали поздно	
1911	կառավարություն	government	правительство	Կառավարությունը նոր որոշում ընդունեց — Правительство приняло новое решение	
1912	աշխատանքային	of or pertaining to work, working, labor	рабочий, трудовой	Այսօր աշխատանքային օր է — Сегодня рабочий день	
1913	զինված	armed	вооружённый	Զինված ուժերում է ծառայում — Он служит в вооружённых силах	
1914	բարձրաձայն	loud, shrill	громкий; вслух	Բարձրաձայն կարդա տեքստը — Прочитай текст вслух	Նրանք բարձրաձայն ծիծաղեցին — Они громко засмеялись
1915	հատված	section, sector	отрывок; участок	Գրքից մի հատված կարդաց — Он прочитал отрывок из книги	Ճանապարհի այս հատվածը վատն է — Этот участок дороги плохой
1916	հետագա	subsequent, coming, future	дальнейший, последующий	Հետագա քայլերը միասին կքննարկենք — Дальнейшие шаги обсудим вместе	
1917	ապահովում	ensuring, guaranteeing, securing, maintenance, provision	обеспечение	Անվտանգության ապահովումը կարևոր է — Обеспечение безопасности важно	
1918	բարօրություն	wellbeing, prosperity	благополучие	Ժողովրդի բարօրության համար է աշխատում — Он работает ради благополучия народа	
1919	բարոյական	moral, ethical	моральный, нравственный	Դա բարոյական խնդիր է — Это моральная проблема	
1920	մեծապես	highly, greatly, strongly, very much	весьма, значительно	Մենք մեծապես շնորհակալ ենք ձեզ — Мы весьма благодарны вам	
1921	արեգակ	the Sun	солнце	Արեգակը լուսավորում է երկիրը — Солнце освещает землю	
1922	գանձ	treasure, riches	сокровище	Հին գանձ են գտել — Нашли древнее сокровище	
1923	աճել	to grow; to increase; to grow up; to rise	расти; возрастать	Երեխան արագ է աճում — Ребёнок быстро растёт	Գներն անընդհատ աճում են — Цены постоянно растут
1924	եղեգ	reed, cane	тростник, камыш	Լճի ափին եղեգներ են աճում — У берега озера растёт камыш	
1925	բախտավոր	lucky	счастливый, удачливый	Շատ բախտավոր մարդ ես — Ты очень счастливый человек	
1926	ձեն	voice (colloquial = ձայն)	голос (разг.)	ձեն տալ — окликнуть, позвать	Ձեն չի հանում — Он молчит (не издаёт ни звука)
1927	բոց	flame; (slang) cool, amazing	пламя; (сленг) классный, огонь	Բոցը երկինք էր հասնում — Пламя доходило до неба	Էս երգը բոց ա — Эта песня огонь
1928	ծռել	to bend, to curve	гнуть, сгибать	Մետաղալարը հեշտ ծռեց — Он легко согнул проволоку	
1929	փող	money	деньги	Փող չունեմ հիմա — У меня сейчас нет денег	Նա լավ փող է աշխատում — Он хорошо зарабатывает
1930	մութ	dark; unlit	тёмный; темно	Դրսում արդեն մութ է — На улице уже темно	Մութ սենյակում ոչինչ չէր երևում — В тёмной комнате ничего не было видно
1931	գահ	throne	трон, престол	Թագավորը նստեց գահին — Царь сел на трон	
1932	փափագ	craving, lust, desire	страстное желание	Նրա փափագը վերջապես իրականացավ — Его заветное желание наконец сбылось	
1933	բուռ	hollow of the hand; cupped hand	горсть, пригоршня	Մի բուռ ցորեն վերցրեց — Он взял горсть пшеницы	
1934	կտրուկ	sharp, abrupt, drastic	резкий	Կտրուկ շարժում մի՛ արա — Не делай резких движений	Եղանակը կտրուկ փոխվեց — Погода резко изменилась
1935	գիժ	crazy, insane	сумасшедший, псих	Դու գիժ ես, ի՞նչ է — Ты что, с ума сошёл?	
1936	ցած	low	низкий; вниз	Սանդուղքով ցած իջավ — Он спустился по лестнице вниз	
1937	տարածություն	space	пространство	Հրթիռը դուրս եկավ տիեզերական տարածություն — Ракета вышла в космическое пространство	
1938	թաքցնել	to hide	прятать, скрывать	Փողը թաքցրել է տանը — Он спрятал деньги дома	Ճշմարտությունը մի՛ թաքցրու — Не скрывай правду
1939	կասկածել	to doubt, to question	сомневаться; подозревать	Նրա խոսքերին կասկածում եմ — Я сомневаюсь в его словах	Նրան կասկածում են գողության մեջ — Его подозревают в краже
1940	դյուրին	easy, simple	лёгкий, простой	Դա դյուրին գործ չէ — Это нелёгкое дело	
1941	միայնակ	lonely	одинокий	Նա միայնակ է ապրում — Он живёт один	
1942	ցամաք	dry	сухой	Ցամաք հաց էին ուտում — Они ели сухой хлеб	
1943	անսովոր	unused, unaccustomed	непривычный, необычный	Այստեղ անսովոր լռություն էր — Здесь была непривычная тишина	
1944	հաճախորդ	client, customer	клиент, посетитель	Խանութն այսօր շատ հաճախորդներ ուներ — В магазине сегодня было много посетителей	
1945	դահլիճ	hall, auditorium	зал	Դահլիճը լիքն էր մարդկանցով — Зал был полон людей	
1946	մոտիկ	close, near	близкий; близко	Մենք մոտիկ ընկերներ ենք — Мы близкие друзья	Մի քիչ մոտիկ արի — Подойди чуть ближе
1947	իրական	real, actual	реальный, настоящий	Սա իրական պատմություն է — Это реальная история	
1948	դաժան	cruel, harsh, ruthless	жестокий	Դաժան պատերազմ էր — Это была жестокая война	
1949	հանդարտ	calm, quiet, gentle	спокойный, тихий	Ծովն այսօր հանդարտ է — Море сегодня спокойное	
1950	միամիտ	naive	наивный	Այդքան միամիտ մի՛ եղիր — Не будь таким наивным	
1951	հանգուցյալ	deceased	покойный	Հանգուցյալը բարի մարդ էր — Покойный был добрым человеком	
1952	զգացմունք	feeling, emotion	чувство, эмоция	Իր զգացմունքները չի թաքցնում — Он не скрывает своих чувств	
1953	պատվիրել	to order, command	заказывать; велеть	Ռեստորանում խորոված պատվիրեցինք — В ресторане мы заказали шашлык	Բժիշկը պատվիրել է հանգստանալ — Врач велел отдыхать
1954	անշարժ	immovable, motionless, still; fixed, stationary	неподвижный	Նա անշարժ կանգնած էր — Он стоял неподвижно	Անշարժ գույք է գնել — Он купил недвижимость
1955	վար	low, lower	вниз	Սարից վար իջանք — Мы спустились с горы вниз	
1956	ճիգ	effort	усилие	Մեծ ճիգեր գործադրեց — Он приложил большие усилия	
1957	լուսնկա	moonlit; moonlight	лунный, залитый луной	Լուսնկա գիշեր էր — Была лунная ночь	
1958	ուրց	thyme, Thymus	чабрец, тимьян	Ուրցով թեյ ենք խմում — Мы пьём чай с чабрецом	
1959	անդորր	quiet, serene, peaceful, calm	покой, тишина	Գյուղում անդորր էր տիրում — В деревне царил покой	
1960	շարժվել	to move	двигаться	Գնացքը սկսեց շարժվել — Поезд начал двигаться	Տեղիցդ մի՛ շարժվիր — Не двигайся с места
1961	պինդ	durable, strong, solid	крепкий, твёрдый	Պինդ բռնիր ձեռքս — Крепко держи мою руку	Ձուն պինդ խաշիր — Свари яйцо вкрутую
1962	լրացնել	to supplement, add, amplify, supply, enlarge, expand, complete, fill up	заполнять; дополнять	Ձևաթուղթը լրացրեք — Заполните бланк	Նա լրացրեց իմ ասածը — Он дополнил сказанное мной
1963	հիշողություն	memory	память; воспоминание	Լավ հիշողություն ունի — У него хорошая память	Մանկության հիշողությունները թանկ են — Воспоминания детства дороги
1964	ազդել	to affect	влиять	Եղանակն ազդում է տրամադրության վրա — Погода влияет на настроение	
1965	անվանել	to name, to call	называть	Փողոցը նրա անունով անվանեցին — Улицу назвали его именем	
1966	բավարարել	to satisfy, to meet needs, to fulfill	удовлетворять	Նրա խնդրանքը բավարարեցին — Его просьбу удовлетворили	
1967	բացակայություն	absence	отсутствие	Նրա բացակայությունը բոլորը նկատեցին — Его отсутствие все заметили	
1968	գիտելիք	knowledge	знание	Խորը գիտելիքներ ունի — У него глубокие знания	
1969	գռեհիկ	coarse, rough, rude, impolite	грубый, вульгарный	Գռեհիկ խոսքեր մի՛ ասա — Не говори грубых слов	
1970	երիտասարդություն	youth	молодость; молодёжь	Երիտասարդության տարիներին այստեղ էր ապրում — В молодости он жил здесь	Քաղաքի երիտասարդությունը հավաքվել էր — Молодёжь города собралась
1971	կախել	to hang	вешать	Վերարկուդ կախիր այստեղ — Повесь своё пальто здесь	Պատին նկար կախեցինք — Мы повесили на стену картину
1972	կաշի	skin ; hide	кожа, шкура	Այս պայուսակը կաշվից է — Эта сумка из кожи	
1973	կեղծ	false, sham, fake	фальшивый, поддельный	Փաստաթուղթը կեղծ դուրս եկավ — Документ оказался поддельным	
1974	կռիվ	fight, struggle; war; battle	драка; бой, война	Տղաները կռիվ արեցին — Мальчики подрались	Կռվի դաշտում զոհվեց — Он погиб на поле боя
1975	կրկնություն	repetition	повторение	Կրկնությունն օգնում է լավ սովորել — Повторение помогает хорошо учиться	
1976	համոզել	to convince, to persuade	убеждать, уговаривать	Ինձ համոզեցին մնալ — Меня уговорили остаться	
1977	մաքրել	to clean	чистить, убирать	Սենյակը մաքրեցի — Я убрал комнату	Ամեն առավոտ ատամներս մաքրում եմ — Каждое утро я чищу зубы
1978	մեծահասակ	adult	взрослый	Այս ֆիլմը մեծահասակների համար է — Этот фильм для взрослых	
1979	յուրահատուկ	specific, original, peculiar, unique	своеобразный, особенный	Նա յուրահատուկ ոճ ունի — У него особенный стиль	
1980	շրջապատ	environment, surroundings	окружение, среда	Նրա շրջապատում լավ մարդիկ են — В его окружении хорошие люди	
1981	չափանիշ	criterion	критерий	Ընտրության չափանիշները պարզ են — Критерии выбора ясны	
1982	պաշար	provisions, supplies	запас, припасы	Ձմռան համար պաշար են պատրաստում — Готовят запасы на зиму	
1983	սեռ	sex, gender	пол; род	Երեխայի սեռը դեռ չգիտենք — Пол ребёнка мы ещё не знаем	
1984	սովորություն	habit; custom; practice	привычка; обычай	Դա վատ սովորություն է — Это плохая привычка	Հին սովորությունները պահպանվում են գյուղում — Старые обычаи сохраняются в деревне
1985	վերնագիր	title	заголовок, заглавие	Հոդվածի վերնագիրը փոխեցինք — Мы поменяли заголовок статьи	
1986	տրամադրություն	mood, temper, disposition	настроение	Այսօր տրամադրություն չունեմ — Сегодня у меня нет настроения	Լավ տրամադրությամբ արթնացավ — Он проснулся в хорошем настроении
1987	ցանկալի	desirable, advisable	желательный, желанный	Ցանկալի է շուտ գալ — Желательно прийти пораньше	
1988	հմտություն	skill	навык, умение	Նոր հմտություններ է ձեռք բերում — Он приобретает новые навыки	
1989	ատենախոսություն	dissertation, thesis	диссертация	Ատենախոսությունը հաջող պաշտպանեց — Он успешно защитил диссертацию	
1990	պայմանավորվել	to agree, to come to an agreement	договориться	Պայմանավորվեցինք հանդիպել ժամը հինգին — Мы договорились встретиться в пять	
1991	ընդհանրական	general	общий, всеобщий	Սա ընդհանրական հասկացություն է — Это общее понятие	
1992	կոնկրետ	concrete, specific, particular, perceivable, real	конкретный	Կոնկրետ օրինակ բեր — Приведи конкретный пример	
1993	հետխորհրդային	post-Soviet	постсоветский	Հետխորհրդային երկրներում է աշխատել — Он работал в постсоветских странах	
1994	միասնական	united, unified, common	единый	Միասնական որոշում ընդունեցին — Они приняли единое решение	
1995	տիրապետել	to master; to wield; to possess	владеть; овладевать	Երեք լեզվի է տիրապետում — Он владеет тремя языками	
1996	սահմանափակ	limited	ограниченный	Մեր ժամանակը սահմանափակ է — Наше время ограничено	
1997	համակարգել	to systematize	систематизировать; координировать	Նյութերը պետք է համակարգել — Материалы нужно систематизировать	
1998	նախադպրոցական	preschool	дошкольный	Նախադպրոցական տարիքի երեխաներ են — Это дети дошкольного возраста	
1999	անվճար	free of charge	бесплатный; бесплатно	Մուտքն անվճար է — Вход бесплатный	
2000	հաղորդակցություն	communication	коммуникация, общение	Հաղորդակցության միջոցները զարգանում են — Средства коммуникации развиваются	
